Stimulus,TargetScore,features,params,p_values,params_significant,Cluster,Time Period,Frequency
Haiku,Aesthetic_Appeal,"CL1_(-4, 0)_alpha",-0.10103908077027553,0.3704439588239439,0.0,CL1,"(-4, 0)",alpha
Haiku,Vivid_Imagery,"CL1_(-4, 0)_alpha",0.023549859297792488,0.7176381651070427,0.0,CL1,"(-4, 0)",alpha
Haiku,Moved,"CL1_(-4, 0)_alpha",0.20487800948690035,0.06585191637959283,0.0,CL1,"(-4, 0)",alpha
Haiku,Originality,"CL1_(-4, 0)_alpha",0.11955522002095248,0.28961076560054855,0.0,CL1,"(-4, 0)",alpha
Haiku,Creativity,"CL1_(-4, 0)_alpha",0.047007690401340674,0.6726901236342969,0.0,CL1,"(-4, 0)",alpha
Senryu,Aesthetic_Appeal,"CL1_(-4, 0)_alpha",-0.19404131564649316,0.03708697751266872,-0.19404131564649316,CL1,"(-4, 0)",alpha
Senryu,Vivid_Imagery,"CL1_(-4, 0)_alpha",0.014064212445808006,0.8730898811513557,0.0,CL1,"(-4, 0)",alpha
Senryu,Moved,"CL1_(-4, 0)_alpha",-0.0007729444712002307,0.9880741890615592,0.0,CL1,"(-4, 0)",alpha
Senryu,Originality,"CL1_(-4, 0)_alpha",0.05247116115992141,0.5733899631835111,0.0,CL1,"(-4, 0)",alpha
Senryu,Creativity,"CL1_(-4, 0)_alpha",-0.0374316225805916,0.6976522515687833,0.0,CL1,"(-4, 0)",alpha
Control,Aesthetic_Appeal,"CL1_(-4, 0)_alpha",-0.11296163454013974,0.04204038105573225,-0.11296163454013974,CL1,"(-4, 0)",alpha
Control,Vivid_Imagery,"CL1_(-4, 0)_alpha",-0.06760608962872404,0.21042947010142354,0.0,CL1,"(-4, 0)",alpha
Control,Moved,"CL1_(-4, 0)_alpha",-0.08580561948094065,0.12983065750516454,0.0,CL1,"(-4, 0)",alpha
Control,Originality,"CL1_(-4, 0)_alpha",-0.18641903191336964,0.0009063363098173767,-0.18641903191336964,CL1,"(-4, 0)",alpha
Control,Creativity,"CL1_(-4, 0)_alpha",-0.2280850992508281,5.440458085124975e-05,-0.2280850992508281,CL1,"(-4, 0)",alpha
Haiku,Aesthetic_Appeal,"CL1_(-4, 0)_beta",-0.306706362959332,0.04717208382029973,-0.306706362959332,CL1,"(-4, 0)",beta
Haiku,Vivid_Imagery,"CL1_(-4, 0)_beta",-0.27719298586706426,0.0017174660348800684,-0.27719298586706426,CL1,"(-4, 0)",beta
Haiku,Moved,"CL1_(-4, 0)_beta",-0.26551512846078584,0.07861568423869776,0.0,CL1,"(-4, 0)",beta
Haiku,Originality,"CL1_(-4, 0)_beta",-0.2408838218028134,0.11805285445805459,0.0,CL1,"(-4, 0)",beta
Haiku,Creativity,"CL1_(-4, 0)_beta",-0.33791485420918627,0.0263450608342442,-0.33791485420918627,CL1,"(-4, 0)",beta
Senryu,Aesthetic_Appeal,"CL1_(-4, 0)_beta",-0.38674562527445405,0.000825742916462178,-0.38674562527445405,CL1,"(-4, 0)",beta
Senryu,Vivid_Imagery,"CL1_(-4, 0)_beta",-0.12097583920401092,0.29231858959872903,0.0,CL1,"(-4, 0)",beta
Senryu,Moved,"CL1_(-4, 0)_beta",-0.006143206941392534,0.925429175364705,0.0,CL1,"(-4, 0)",beta
Senryu,Originality,"CL1_(-4, 0)_beta",-0.19878677630349695,0.08440388913975673,0.0,CL1,"(-4, 0)",beta
Senryu,Creativity,"CL1_(-4, 0)_beta",-0.4204246503211723,0.00020832285695047511,-0.4204246503211723,CL1,"(-4, 0)",beta
Control,Aesthetic_Appeal,"CL1_(-4, 0)_beta",-0.02048640869919424,0.7534489776776547,0.0,CL1,"(-4, 0)",beta
Control,Vivid_Imagery,"CL1_(-4, 0)_beta",0.014078030620579435,0.8271509799302664,0.0,CL1,"(-4, 0)",beta
Control,Moved,"CL1_(-4, 0)_beta",-0.03294955544026682,0.6207002668067324,0.0,CL1,"(-4, 0)",beta
Control,Originality,"CL1_(-4, 0)_beta",0.002439309818267917,0.9707039897870625,0.0,CL1,"(-4, 0)",beta
Control,Creativity,"CL1_(-4, 0)_beta",0.0044506392381499765,0.9466096054023813,0.0,CL1,"(-4, 0)",beta
Haiku,Aesthetic_Appeal,"CL1_(-4, 0)_delta",0.02895696212808856,0.7358379791138918,0.0,CL1,"(-4, 0)",delta
Haiku,Vivid_Imagery,"CL1_(-4, 0)_delta",-0.051739569195825647,0.28295463085616057,0.0,CL1,"(-4, 0)",delta
Haiku,Moved,"CL1_(-4, 0)_delta",-0.23501596557571414,0.0048518299632587985,-0.23501596557571414,CL1,"(-4, 0)",delta
Haiku,Originality,"CL1_(-4, 0)_delta",-0.1158385586920615,0.1598536693232211,0.0,CL1,"(-4, 0)",delta
Haiku,Creativity,"CL1_(-4, 0)_delta",-0.06167055523701368,0.46105212242194515,0.0,CL1,"(-4, 0)",delta
Senryu,Aesthetic_Appeal,"CL1_(-4, 0)_delta",0.06078836288710866,0.4050607069017782,0.0,CL1,"(-4, 0)",delta
Senryu,Vivid_Imagery,"CL1_(-4, 0)_delta",0.04267362214625069,0.554533089006086,0.0,CL1,"(-4, 0)",delta
Senryu,Moved,"CL1_(-4, 0)_delta",0.0442503462052209,0.3117881596759178,0.0,CL1,"(-4, 0)",delta
Senryu,Originality,"CL1_(-4, 0)_delta",0.10620184076181924,0.17508508575708526,0.0,CL1,"(-4, 0)",delta
Senryu,Creativity,"CL1_(-4, 0)_delta",0.054499814059857224,0.46424878112102297,0.0,CL1,"(-4, 0)",delta
Control,Aesthetic_Appeal,"CL1_(-4, 0)_delta",-0.007450972323810256,0.8800540861789721,0.0,CL1,"(-4, 0)",delta
Control,Vivid_Imagery,"CL1_(-4, 0)_delta",-0.06821612697775489,0.15804012221503205,0.0,CL1,"(-4, 0)",delta
Control,Moved,"CL1_(-4, 0)_delta",0.025133915908320995,0.6148731845614499,0.0,CL1,"(-4, 0)",delta
Control,Originality,"CL1_(-4, 0)_delta",0.06562702296803097,0.18372432394294336,0.0,CL1,"(-4, 0)",delta
Control,Creativity,"CL1_(-4, 0)_delta",0.0730429467756001,0.14206054257602038,0.0,CL1,"(-4, 0)",delta
Haiku,Aesthetic_Appeal,"CL1_(-4, 0)_lower gamma",0.11847305836568484,0.38977157355493874,0.0,CL1,"(-4, 0)",lower gamma
Haiku,Vivid_Imagery,"CL1_(-4, 0)_lower gamma",0.24030370544476998,0.0026658091809246384,0.24030370544476998,CL1,"(-4, 0)",lower gamma
Haiku,Moved,"CL1_(-4, 0)_lower gamma",0.2134664143348002,0.11695967622773672,0.0,CL1,"(-4, 0)",lower gamma
Haiku,Originality,"CL1_(-4, 0)_lower gamma",0.21773124641031322,0.11741441555239866,0.0,CL1,"(-4, 0)",lower gamma
Haiku,Creativity,"CL1_(-4, 0)_lower gamma",0.16258535437763907,0.23839221032469016,0.0,CL1,"(-4, 0)",lower gamma
Senryu,Aesthetic_Appeal,"CL1_(-4, 0)_lower gamma",0.05051120845827346,0.6579817325449455,0.0,CL1,"(-4, 0)",lower gamma
Senryu,Vivid_Imagery,"CL1_(-4, 0)_lower gamma",0.08114335434081456,0.4812342952357501,0.0,CL1,"(-4, 0)",lower gamma
Senryu,Moved,"CL1_(-4, 0)_lower gamma",0.019920040334520408,0.7615061636042044,0.0,CL1,"(-4, 0)",lower gamma
Senryu,Originality,"CL1_(-4, 0)_lower gamma",0.053709465406988975,0.642075922292757,0.0,CL1,"(-4, 0)",lower gamma
Senryu,Creativity,"CL1_(-4, 0)_lower gamma",0.14800429060446782,0.19749689208399923,0.0,CL1,"(-4, 0)",lower gamma
Control,Aesthetic_Appeal,"CL1_(-4, 0)_lower gamma",0.11941638512137871,0.06514803797234725,0.0,CL1,"(-4, 0)",lower gamma
Control,Vivid_Imagery,"CL1_(-4, 0)_lower gamma",0.06680764050971684,0.2979255188628034,0.0,CL1,"(-4, 0)",lower gamma
Control,Moved,"CL1_(-4, 0)_lower gamma",0.08136121013484705,0.21520778820618625,0.0,CL1,"(-4, 0)",lower gamma
Control,Originality,"CL1_(-4, 0)_lower gamma",0.07978469787509301,0.22424092836145382,0.0,CL1,"(-4, 0)",lower gamma
Control,Creativity,"CL1_(-4, 0)_lower gamma",0.08459057202443061,0.19951705409092946,0.0,CL1,"(-4, 0)",lower gamma
Haiku,Aesthetic_Appeal,"CL1_(-4, 0)_theta",0.05619934152669656,0.5507437070520056,0.0,CL1,"(-4, 0)",theta
Haiku,Vivid_Imagery,"CL1_(-4, 0)_theta",0.050919965691000935,0.34210783433658987,0.0,CL1,"(-4, 0)",theta
Haiku,Moved,"CL1_(-4, 0)_theta",0.033010779589825505,0.7184607069380142,0.0,CL1,"(-4, 0)",theta
Haiku,Originality,"CL1_(-4, 0)_theta",0.059254915391745454,0.5196062973145726,0.0,CL1,"(-4, 0)",theta
Haiku,Creativity,"CL1_(-4, 0)_theta",0.07608946806423285,0.4064673328913525,0.0,CL1,"(-4, 0)",theta
Senryu,Aesthetic_Appeal,"CL1_(-4, 0)_theta",0.1620924964269214,0.0649088448268682,0.0,CL1,"(-4, 0)",theta
Senryu,Vivid_Imagery,"CL1_(-4, 0)_theta",-0.0272560659717235,0.7421085461467829,0.0,CL1,"(-4, 0)",theta
Senryu,Moved,"CL1_(-4, 0)_theta",-0.026514720150453655,0.5983279767583531,0.0,CL1,"(-4, 0)",theta
Senryu,Originality,"CL1_(-4, 0)_theta",-0.05927512461113491,0.5005852109845581,0.0,CL1,"(-4, 0)",theta
Senryu,Creativity,"CL1_(-4, 0)_theta",0.05388377747937386,0.5443010549393574,0.0,CL1,"(-4, 0)",theta
Control,Aesthetic_Appeal,"CL1_(-4, 0)_theta",-0.0005411167475575116,0.9906358301104949,0.0,CL1,"(-4, 0)",theta
Control,Vivid_Imagery,"CL1_(-4, 0)_theta",0.08899698668532961,0.043056603897975686,0.08899698668532961,CL1,"(-4, 0)",theta
Control,Moved,"CL1_(-4, 0)_theta",-0.005003488770250402,0.9150306939989745,0.0,CL1,"(-4, 0)",theta
Control,Originality,"CL1_(-4, 0)_theta",0.07357577851945016,0.1069977522189875,0.0,CL1,"(-4, 0)",theta
Control,Creativity,"CL1_(-4, 0)_theta",0.08146255333411889,0.0794848753235405,0.0,CL1,"(-4, 0)",theta
Haiku,Aesthetic_Appeal,"CL1_(0, 5)_alpha",0.2782083262718319,0.004482533497617587,0.2782083262718319,CL1,"(0, 5)",alpha
Haiku,Vivid_Imagery,"CL1_(0, 5)_alpha",0.1495049719270793,0.00930090143181784,0.1495049719270793,CL1,"(0, 5)",alpha
Haiku,Moved,"CL1_(0, 5)_alpha",0.1043641810925857,0.283379347915396,0.0,CL1,"(0, 5)",alpha
Haiku,Originality,"CL1_(0, 5)_alpha",0.2200194116171972,0.02445114396745916,0.2200194116171972,CL1,"(0, 5)",alpha
Haiku,Creativity,"CL1_(0, 5)_alpha",0.22610962729350287,0.019422296101563714,0.22610962729350287,CL1,"(0, 5)",alpha
Senryu,Aesthetic_Appeal,"CL1_(0, 5)_alpha",-0.181396795845511,0.11362269076953799,0.0,CL1,"(0, 5)",alpha
Senryu,Vivid_Imagery,"CL1_(0, 5)_alpha",-0.18564876676771766,0.1030712883983376,0.0,CL1,"(0, 5)",alpha
Senryu,Moved,"CL1_(0, 5)_alpha",-0.19573635027943131,0.0027632462889366424,-0.19573635027943131,CL1,"(0, 5)",alpha
Senryu,Originality,"CL1_(0, 5)_alpha",-0.07801818291700403,0.49734592115052334,0.0,CL1,"(0, 5)",alpha
Senryu,Creativity,"CL1_(0, 5)_alpha",-0.03624311506086597,0.7512617838735014,0.0,CL1,"(0, 5)",alpha
Control,Aesthetic_Appeal,"CL1_(0, 5)_alpha",-0.07760802587345347,0.222535653904818,0.0,CL1,"(0, 5)",alpha
Control,Vivid_Imagery,"CL1_(0, 5)_alpha",-0.01742305520579275,0.7815311718226174,0.0,CL1,"(0, 5)",alpha
Control,Moved,"CL1_(0, 5)_alpha",-0.12594406633241345,0.05264932346254875,0.0,CL1,"(0, 5)",alpha
Control,Originality,"CL1_(0, 5)_alpha",-0.15458401324592658,0.016686207712542735,-0.15458401324592658,CL1,"(0, 5)",alpha
Control,Creativity,"CL1_(0, 5)_alpha",-0.18103355699392368,0.005364080900126531,-0.18103355699392368,CL1,"(0, 5)",alpha
Haiku,Aesthetic_Appeal,"CL1_(0, 5)_beta",-0.10114262612053561,0.5196516475128663,0.0,CL1,"(0, 5)",beta
Haiku,Vivid_Imagery,"CL1_(0, 5)_beta",-0.1078465303863747,0.24146085169842058,0.0,CL1,"(0, 5)",beta
Haiku,Moved,"CL1_(0, 5)_beta",-0.05275083809604613,0.733571885713787,0.0,CL1,"(0, 5)",beta
Haiku,Originality,"CL1_(0, 5)_beta",-0.02832951170619934,0.8576705013676024,0.0,CL1,"(0, 5)",beta
Haiku,Creativity,"CL1_(0, 5)_beta",-0.159811430928822,0.3063342881555212,0.0,CL1,"(0, 5)",beta
Senryu,Aesthetic_Appeal,"CL1_(0, 5)_beta",0.3727891657856311,0.011343917314399534,0.3727891657856311,CL1,"(0, 5)",beta
Senryu,Vivid_Imagery,"CL1_(0, 5)_beta",0.034780640981395786,0.8113765713722945,0.0,CL1,"(0, 5)",beta
Senryu,Moved,"CL1_(0, 5)_beta",0.1722393602475788,0.04047364959834508,0.1722393602475788,CL1,"(0, 5)",beta
Senryu,Originality,"CL1_(0, 5)_beta",0.1698782975060249,0.24885055238686893,0.0,CL1,"(0, 5)",beta
Senryu,Creativity,"CL1_(0, 5)_beta",0.1170702046384754,0.4194282728032296,0.0,CL1,"(0, 5)",beta
Control,Aesthetic_Appeal,"CL1_(0, 5)_beta",0.1987631254917286,0.022558000393475632,0.1987631254917286,CL1,"(0, 5)",beta
Control,Vivid_Imagery,"CL1_(0, 5)_beta",-0.10042390216923469,0.24458865938785113,0.0,CL1,"(0, 5)",beta
Control,Moved,"CL1_(0, 5)_beta",0.038919494990351564,0.6613488098583629,0.0,CL1,"(0, 5)",beta
Control,Originality,"CL1_(0, 5)_beta",0.23831865601738533,0.006994994171420467,0.23831865601738533,CL1,"(0, 5)",beta
Control,Creativity,"CL1_(0, 5)_beta",0.2041409480496745,0.021852798321207473,0.2041409480496745,CL1,"(0, 5)",beta
Haiku,Aesthetic_Appeal,"CL1_(0, 5)_delta",-0.1519760579213504,0.09702419939153156,0.0,CL1,"(0, 5)",delta
Haiku,Vivid_Imagery,"CL1_(0, 5)_delta",-0.10556886256336398,0.04443828427071857,-0.10556886256336398,CL1,"(0, 5)",delta
Haiku,Moved,"CL1_(0, 5)_delta",0.0022401146260193757,0.9806013109521111,0.0,CL1,"(0, 5)",delta
Haiku,Originality,"CL1_(0, 5)_delta",0.0030411973293165214,0.9731574784884055,0.0,CL1,"(0, 5)",delta
Haiku,Creativity,"CL1_(0, 5)_delta",0.12079328951963722,0.17554813461367247,0.0,CL1,"(0, 5)",delta
Senryu,Aesthetic_Appeal,"CL1_(0, 5)_delta",0.16799683119119568,0.032010641372264115,0.16799683119119568,CL1,"(0, 5)",delta
Senryu,Vivid_Imagery,"CL1_(0, 5)_delta",-0.04580619836143848,0.5533209173067128,0.0,CL1,"(0, 5)",delta
Senryu,Moved,"CL1_(0, 5)_delta",0.003761419791570015,0.9321893835118924,0.0,CL1,"(0, 5)",delta
Senryu,Originality,"CL1_(0, 5)_delta",0.06323527526535623,0.4124579866939475,0.0,CL1,"(0, 5)",delta
Senryu,Creativity,"CL1_(0, 5)_delta",0.11820094405340907,0.12298350295576527,0.0,CL1,"(0, 5)",delta
Control,Aesthetic_Appeal,"CL1_(0, 5)_delta",0.12002739352673764,0.003209958574019198,0.12002739352673764,CL1,"(0, 5)",delta
Control,Vivid_Imagery,"CL1_(0, 5)_delta",0.004082126833578477,0.9193414525370798,0.0,CL1,"(0, 5)",delta
Control,Moved,"CL1_(0, 5)_delta",0.15366206909678023,0.00021612696290520828,0.15366206909678023,CL1,"(0, 5)",delta
Control,Originality,"CL1_(0, 5)_delta",0.15916727294354932,0.00011387914953008012,0.15916727294354932,CL1,"(0, 5)",delta
Control,Creativity,"CL1_(0, 5)_delta",0.18505906062957544,8.358557244887273e-06,0.18505906062957544,CL1,"(0, 5)",delta
Haiku,Aesthetic_Appeal,"CL1_(0, 5)_lower gamma",0.2058966665850924,0.1921651499901853,0.0,CL1,"(0, 5)",lower gamma
Haiku,Vivid_Imagery,"CL1_(0, 5)_lower gamma",0.25419447580774185,0.00571968079823034,0.25419447580774185,CL1,"(0, 5)",lower gamma
Haiku,Moved,"CL1_(0, 5)_lower gamma",0.2533012549463475,0.10870463383840681,0.0,CL1,"(0, 5)",lower gamma
Haiku,Originality,"CL1_(0, 5)_lower gamma",0.05279183870347113,0.7427379932084761,0.0,CL1,"(0, 5)",lower gamma
Haiku,Creativity,"CL1_(0, 5)_lower gamma",0.27502207036072984,0.08557394470794778,0.0,CL1,"(0, 5)",lower gamma
Senryu,Aesthetic_Appeal,"CL1_(0, 5)_lower gamma",-0.1657382121300022,0.2590683020021932,0.0,CL1,"(0, 5)",lower gamma
Senryu,Vivid_Imagery,"CL1_(0, 5)_lower gamma",0.07762568843188615,0.5956345021805528,0.0,CL1,"(0, 5)",lower gamma
Senryu,Moved,"CL1_(0, 5)_lower gamma",-0.2187070232709325,0.008505256924033559,-0.2187070232709325,CL1,"(0, 5)",lower gamma
Senryu,Originality,"CL1_(0, 5)_lower gamma",-0.1068810274307778,0.4690363252649864,0.0,CL1,"(0, 5)",lower gamma
Senryu,Creativity,"CL1_(0, 5)_lower gamma",-0.025060303654514608,0.8630791820192159,0.0,CL1,"(0, 5)",lower gamma
Control,Aesthetic_Appeal,"CL1_(0, 5)_lower gamma",0.052041755380471226,0.5378320541079026,0.0,CL1,"(0, 5)",lower gamma
Control,Vivid_Imagery,"CL1_(0, 5)_lower gamma",0.274162290196328,0.001131081913844297,0.274162290196328,CL1,"(0, 5)",lower gamma
Control,Moved,"CL1_(0, 5)_lower gamma",0.016125250325146473,0.8508898001754579,0.0,CL1,"(0, 5)",lower gamma
Control,Originality,"CL1_(0, 5)_lower gamma",-0.1934473448997587,0.024215095067731424,-0.1934473448997587,CL1,"(0, 5)",lower gamma
Control,Creativity,"CL1_(0, 5)_lower gamma",-0.13006430262799168,0.13135114226508823,0.0,CL1,"(0, 5)",lower gamma
Haiku,Aesthetic_Appeal,"CL1_(0, 5)_theta",-0.2015252491159855,0.04032298440378736,-0.2015252491159855,CL1,"(0, 5)",theta
Haiku,Vivid_Imagery,"CL1_(0, 5)_theta",-0.060294185587322024,0.2871766649653139,0.0,CL1,"(0, 5)",theta
Haiku,Moved,"CL1_(0, 5)_theta",0.01459133462130721,0.8785946511161834,0.0,CL1,"(0, 5)",theta
Haiku,Originality,"CL1_(0, 5)_theta",-0.15283258882515893,0.11578055633303215,0.0,CL1,"(0, 5)",theta
Haiku,Creativity,"CL1_(0, 5)_theta",-0.2630017592286373,0.005642910098251625,-0.2630017592286373,CL1,"(0, 5)",theta
Senryu,Aesthetic_Appeal,"CL1_(0, 5)_theta",-0.14303571188975167,0.11338027817983773,0.0,CL1,"(0, 5)",theta
Senryu,Vivid_Imagery,"CL1_(0, 5)_theta",-0.0882210071013668,0.33311394966599284,0.0,CL1,"(0, 5)",theta
Senryu,Moved,"CL1_(0, 5)_theta",0.011964472147846664,0.8183665643110994,0.0,CL1,"(0, 5)",theta
Senryu,Originality,"CL1_(0, 5)_theta",-0.06058604376656897,0.5041378386232306,0.0,CL1,"(0, 5)",theta
Senryu,Creativity,"CL1_(0, 5)_theta",-0.15251848552455144,0.08863010399155964,0.0,CL1,"(0, 5)",theta
Control,Aesthetic_Appeal,"CL1_(0, 5)_theta",-0.024510151159132,0.6267241808910661,0.0,CL1,"(0, 5)",theta
Control,Vivid_Imagery,"CL1_(0, 5)_theta",0.062015978818716726,0.21324810854786524,0.0,CL1,"(0, 5)",theta
Control,Moved,"CL1_(0, 5)_theta",0.05673737474661298,0.26996100596864003,0.0,CL1,"(0, 5)",theta
Control,Originality,"CL1_(0, 5)_theta",-0.005426072831191827,0.9153510053282914,0.0,CL1,"(0, 5)",theta
Control,Creativity,"CL1_(0, 5)_theta",0.016383190267048917,0.7505196202110695,0.0,CL1,"(0, 5)",theta
Haiku,Aesthetic_Appeal,"CL1_(5, 10)_alpha",0.15519572085394756,0.07187671137168049,0.0,CL1,"(5, 10)",alpha
Haiku,Vivid_Imagery,"CL1_(5, 10)_alpha",0.12331843662706853,0.010101997813430626,0.12331843662706853,CL1,"(5, 10)",alpha
Haiku,Moved,"CL1_(5, 10)_alpha",0.20147492651514626,0.014729906731945146,0.20147492651514626,CL1,"(5, 10)",alpha
Haiku,Originality,"CL1_(5, 10)_alpha",0.03150129510793975,0.713206536615334,0.0,CL1,"(5, 10)",alpha
Haiku,Creativity,"CL1_(5, 10)_alpha",0.04915848427945152,0.561192835509307,0.0,CL1,"(5, 10)",alpha
Senryu,Aesthetic_Appeal,"CL1_(5, 10)_alpha",0.27534313925281356,0.0015437323622325741,0.27534313925281356,CL1,"(5, 10)",alpha
Senryu,Vivid_Imagery,"CL1_(5, 10)_alpha",0.27358330664955605,0.0011812632997994666,0.27358330664955605,CL1,"(5, 10)",alpha
Senryu,Moved,"CL1_(5, 10)_alpha",0.1036743210436283,0.0338178384680752,0.1036743210436283,CL1,"(5, 10)",alpha
Senryu,Originality,"CL1_(5, 10)_alpha",0.11137189749310697,0.19234373884640255,0.0,CL1,"(5, 10)",alpha
Senryu,Creativity,"CL1_(5, 10)_alpha",0.2224417444521163,0.008594693710238542,0.2224417444521163,CL1,"(5, 10)",alpha
Control,Aesthetic_Appeal,"CL1_(5, 10)_alpha",-0.26991140313521567,1.3875901228359357e-05,-0.26991140313521567,CL1,"(5, 10)",alpha
Control,Vivid_Imagery,"CL1_(5, 10)_alpha",-0.21998383137602526,0.00032146459544935815,-0.21998383137602526,CL1,"(5, 10)",alpha
Control,Moved,"CL1_(5, 10)_alpha",-0.25122889366200957,7.51226019322139e-05,-0.25122889366200957,CL1,"(5, 10)",alpha
Control,Originality,"CL1_(5, 10)_alpha",-0.3350268659751835,1.0479928200993876e-07,-0.3350268659751835,CL1,"(5, 10)",alpha
Control,Creativity,"CL1_(5, 10)_alpha",-0.26602785346903723,2.6906564043180753e-05,-0.26602785346903723,CL1,"(5, 10)",alpha
Haiku,Aesthetic_Appeal,"CL1_(5, 10)_beta",-0.280918640966257,0.03378317641939986,-0.280918640966257,CL1,"(5, 10)",beta
Haiku,Vivid_Imagery,"CL1_(5, 10)_beta",-0.04559862634994453,0.554223397884111,0.0,CL1,"(5, 10)",beta
Haiku,Moved,"CL1_(5, 10)_beta",-0.14380922225057596,0.2699214831714709,0.0,CL1,"(5, 10)",beta
Haiku,Originality,"CL1_(5, 10)_beta",-0.3163141786108354,0.017661732076617545,-0.3163141786108354,CL1,"(5, 10)",beta
Haiku,Creativity,"CL1_(5, 10)_beta",-0.26957425356868847,0.04078966395223082,-0.26957425356868847,CL1,"(5, 10)",beta
Senryu,Aesthetic_Appeal,"CL1_(5, 10)_beta",-0.5542157911896897,7.335574695552729e-05,-0.5542157911896897,CL1,"(5, 10)",beta
Senryu,Vivid_Imagery,"CL1_(5, 10)_beta",-0.4904293205321053,0.00042413900118908586,-0.4904293205321053,CL1,"(5, 10)",beta
Senryu,Moved,"CL1_(5, 10)_beta",-0.289391246765637,0.00026616391033094716,-0.289391246765637,CL1,"(5, 10)",beta
Senryu,Originality,"CL1_(5, 10)_beta",-0.6978453784228128,5.517161968228256e-07,-0.6978453784228128,CL1,"(5, 10)",beta
Senryu,Creativity,"CL1_(5, 10)_beta",-0.4877620665940745,0.0003408268815413019,-0.4877620665940745,CL1,"(5, 10)",beta
Control,Aesthetic_Appeal,"CL1_(5, 10)_beta",0.009723716664424991,0.9146385788657053,0.0,CL1,"(5, 10)",beta
Control,Vivid_Imagery,"CL1_(5, 10)_beta",-0.004875236103932254,0.9566198827604501,0.0,CL1,"(5, 10)",beta
Control,Moved,"CL1_(5, 10)_beta",0.025365036274097974,0.7834796470484842,0.0,CL1,"(5, 10)",beta
Control,Originality,"CL1_(5, 10)_beta",0.16362237501635132,0.074641729794852,0.0,CL1,"(5, 10)",beta
Control,Creativity,"CL1_(5, 10)_beta",0.12202701980619163,0.18797572549389785,0.0,CL1,"(5, 10)",beta
Haiku,Aesthetic_Appeal,"CL1_(5, 10)_delta",0.21970748608450263,0.001616240284536134,0.21970748608450263,CL1,"(5, 10)",delta
Haiku,Vivid_Imagery,"CL1_(5, 10)_delta",0.09089403293507112,0.024426446157856902,0.09089403293507112,CL1,"(5, 10)",delta
Haiku,Moved,"CL1_(5, 10)_delta",0.18042582729395393,0.011875117083222482,0.18042582729395393,CL1,"(5, 10)",delta
Haiku,Originality,"CL1_(5, 10)_delta",0.2646965922819457,0.0001129661651878943,0.2646965922819457,CL1,"(5, 10)",delta
Haiku,Creativity,"CL1_(5, 10)_delta",0.27389648505386904,9.003304033846622e-05,0.27389648505386904,CL1,"(5, 10)",delta
Senryu,Aesthetic_Appeal,"CL1_(5, 10)_delta",0.14891562110197537,0.034407111281267555,0.14891562110197537,CL1,"(5, 10)",delta
Senryu,Vivid_Imagery,"CL1_(5, 10)_delta",0.15514004019765842,0.015546383697767518,0.15514004019765842,CL1,"(5, 10)",delta
Senryu,Moved,"CL1_(5, 10)_delta",0.07015561473369371,0.06623415745477196,0.0,CL1,"(5, 10)",delta
Senryu,Originality,"CL1_(5, 10)_delta",0.10316477985721864,0.10963487231717044,0.0,CL1,"(5, 10)",delta
Senryu,Creativity,"CL1_(5, 10)_delta",0.03546432906566123,0.5695096315515402,0.0,CL1,"(5, 10)",delta
Control,Aesthetic_Appeal,"CL1_(5, 10)_delta",-7.357968166225252e-05,0.9988262835490863,0.0,CL1,"(5, 10)",delta
Control,Vivid_Imagery,"CL1_(5, 10)_delta",0.02816910359434936,0.5640041375060232,0.0,CL1,"(5, 10)",delta
Control,Moved,"CL1_(5, 10)_delta",0.005146546521470851,0.921158082601634,0.0,CL1,"(5, 10)",delta
Control,Originality,"CL1_(5, 10)_delta",0.06572817405405598,0.19906522885798938,0.0,CL1,"(5, 10)",delta
Control,Creativity,"CL1_(5, 10)_delta",0.07867400368889596,0.12652708564458626,0.0,CL1,"(5, 10)",delta
Haiku,Aesthetic_Appeal,"CL1_(5, 10)_lower gamma",0.0023273966491459013,0.9860680524053377,0.0,CL1,"(5, 10)",lower gamma
Haiku,Vivid_Imagery,"CL1_(5, 10)_lower gamma",-0.05955878553908534,0.4451938142100278,0.0,CL1,"(5, 10)",lower gamma
Haiku,Moved,"CL1_(5, 10)_lower gamma",0.0559632721200078,0.674875012324881,0.0,CL1,"(5, 10)",lower gamma
Haiku,Originality,"CL1_(5, 10)_lower gamma",0.12073696350938,0.3728720626773365,0.0,CL1,"(5, 10)",lower gamma
Haiku,Creativity,"CL1_(5, 10)_lower gamma",0.03378739915975492,0.8021275520830302,0.0,CL1,"(5, 10)",lower gamma
Senryu,Aesthetic_Appeal,"CL1_(5, 10)_lower gamma",0.38735641089096584,0.004414120240481545,0.38735641089096584,CL1,"(5, 10)",lower gamma
Senryu,Vivid_Imagery,"CL1_(5, 10)_lower gamma",0.42342426476993256,0.001621834859309183,0.42342426476993256,CL1,"(5, 10)",lower gamma
Senryu,Moved,"CL1_(5, 10)_lower gamma",0.1892574256179345,0.01374414958161248,0.1892574256179345,CL1,"(5, 10)",lower gamma
Senryu,Originality,"CL1_(5, 10)_lower gamma",0.40943872395643555,0.0026476158169341404,0.40943872395643555,CL1,"(5, 10)",lower gamma
Senryu,Creativity,"CL1_(5, 10)_lower gamma",0.1476723389429781,0.26912285563918104,0.0,CL1,"(5, 10)",lower gamma
Control,Aesthetic_Appeal,"CL1_(5, 10)_lower gamma",-0.052182467675168404,0.49419265977694626,0.0,CL1,"(5, 10)",lower gamma
Control,Vivid_Imagery,"CL1_(5, 10)_lower gamma",-0.05859853052949008,0.4399956933063497,0.0,CL1,"(5, 10)",lower gamma
Control,Moved,"CL1_(5, 10)_lower gamma",0.05066761692972506,0.5141515981705146,0.0,CL1,"(5, 10)",lower gamma
Control,Originality,"CL1_(5, 10)_lower gamma",0.02244370839926997,0.7724699122597767,0.0,CL1,"(5, 10)",lower gamma
Control,Creativity,"CL1_(5, 10)_lower gamma",-0.012062052952474405,0.8772931995861791,0.0,CL1,"(5, 10)",lower gamma
Haiku,Aesthetic_Appeal,"CL1_(5, 10)_theta",-0.1992531796291898,0.016396410728292947,-0.1992531796291898,CL1,"(5, 10)",theta
Haiku,Vivid_Imagery,"CL1_(5, 10)_theta",-0.10831792481276024,0.021560882158479965,-0.10831792481276024,CL1,"(5, 10)",theta
Haiku,Moved,"CL1_(5, 10)_theta",-0.2459579323633319,0.0023803491455515534,-0.2459579323633319,CL1,"(5, 10)",theta
Haiku,Originality,"CL1_(5, 10)_theta",-0.1475363595910191,0.07392308123269409,0.0,CL1,"(5, 10)",theta
Haiku,Creativity,"CL1_(5, 10)_theta",-0.16047357464922327,0.048564710151638275,-0.16047357464922327,CL1,"(5, 10)",theta
Senryu,Aesthetic_Appeal,"CL1_(5, 10)_theta",-0.3528896869948554,2.3867486249645444e-05,-0.3528896869948554,CL1,"(5, 10)",theta
Senryu,Vivid_Imagery,"CL1_(5, 10)_theta",-0.27952150561841815,0.0005345873672108562,-0.27952150561841815,CL1,"(5, 10)",theta
Senryu,Moved,"CL1_(5, 10)_theta",-0.10273817410825777,0.030330498032281345,-0.10273817410825777,CL1,"(5, 10)",theta
Senryu,Originality,"CL1_(5, 10)_theta",-0.015536303614652214,0.8500670019591171,0.0,CL1,"(5, 10)",theta
Senryu,Creativity,"CL1_(5, 10)_theta",-0.08635355614192154,0.2850246804794556,0.0,CL1,"(5, 10)",theta
Control,Aesthetic_Appeal,"CL1_(5, 10)_theta",0.045831201024613126,0.35944059029163233,0.0,CL1,"(5, 10)",theta
Control,Vivid_Imagery,"CL1_(5, 10)_theta",0.017289055055336646,0.720765145688349,0.0,CL1,"(5, 10)",theta
Control,Moved,"CL1_(5, 10)_theta",0.023970958090597197,0.6384051759216582,0.0,CL1,"(5, 10)",theta
Control,Originality,"CL1_(5, 10)_theta",0.06399785575808511,0.20538168643917631,0.0,CL1,"(5, 10)",theta
Control,Creativity,"CL1_(5, 10)_theta",0.04360017350016324,0.38968071540642524,0.0,CL1,"(5, 10)",theta
Haiku,Aesthetic_Appeal,"CL2_(-4, 0)_alpha",0.09850830362839284,0.2779696327313712,0.0,CL2,"(-4, 0)",alpha
Haiku,Vivid_Imagery,"CL2_(-4, 0)_alpha",0.02513636554369356,0.6359140110059103,0.0,CL2,"(-4, 0)",alpha
Haiku,Moved,"CL2_(-4, 0)_alpha",0.021849602502467102,0.811143873445356,0.0,CL2,"(-4, 0)",alpha
Haiku,Originality,"CL2_(-4, 0)_alpha",0.07004284353421066,0.4402412506562786,0.0,CL2,"(-4, 0)",alpha
Haiku,Creativity,"CL2_(-4, 0)_alpha",0.019070346556502228,0.8305419273007886,0.0,CL2,"(-4, 0)",alpha
Senryu,Aesthetic_Appeal,"CL2_(-4, 0)_alpha",-0.06843302541360048,0.543412241107138,0.0,CL2,"(-4, 0)",alpha
Senryu,Vivid_Imagery,"CL2_(-4, 0)_alpha",-0.0750921495768108,0.5016929796150353,0.0,CL2,"(-4, 0)",alpha
Senryu,Moved,"CL2_(-4, 0)_alpha",-0.0035066198048118173,0.9566183254738202,0.0,CL2,"(-4, 0)",alpha
Senryu,Originality,"CL2_(-4, 0)_alpha",-0.01489516931478334,0.8935435562079145,0.0,CL2,"(-4, 0)",alpha
Senryu,Creativity,"CL2_(-4, 0)_alpha",-0.10342245948623327,0.36250681494520576,0.0,CL2,"(-4, 0)",alpha
Control,Aesthetic_Appeal,"CL2_(-4, 0)_alpha",-0.10715968112116986,0.1347809584659155,0.0,CL2,"(-4, 0)",alpha
Control,Vivid_Imagery,"CL2_(-4, 0)_alpha",0.09693927419824835,0.1737853478681729,0.0,CL2,"(-4, 0)",alpha
Control,Moved,"CL2_(-4, 0)_alpha",-0.04020624798433511,0.5824072649486813,0.0,CL2,"(-4, 0)",alpha
Control,Originality,"CL2_(-4, 0)_alpha",0.11096746193867989,0.12413480058050545,0.0,CL2,"(-4, 0)",alpha
Control,Creativity,"CL2_(-4, 0)_alpha",0.05585946983846297,0.44067779507830707,0.0,CL2,"(-4, 0)",alpha
Haiku,Aesthetic_Appeal,"CL2_(-4, 0)_beta",-0.1252943287188665,0.2952140397360732,0.0,CL2,"(-4, 0)",beta
Haiku,Vivid_Imagery,"CL2_(-4, 0)_beta",-0.0033529416495110776,0.9603478971292791,0.0,CL2,"(-4, 0)",beta
Haiku,Moved,"CL2_(-4, 0)_beta",-0.2405976841241131,0.03421532093475666,-0.2405976841241131,CL2,"(-4, 0)",beta
Haiku,Originality,"CL2_(-4, 0)_beta",-0.3949527875034741,0.0005903876775870714,-0.3949527875034741,CL2,"(-4, 0)",beta
Haiku,Creativity,"CL2_(-4, 0)_beta",-0.2564725615115072,0.02330658204192854,-0.2564725615115072,CL2,"(-4, 0)",beta
Senryu,Aesthetic_Appeal,"CL2_(-4, 0)_beta",-0.12268475399318413,0.4724141129100089,0.0,CL2,"(-4, 0)",beta
Senryu,Vivid_Imagery,"CL2_(-4, 0)_beta",-0.10002628632721648,0.5405939681778333,0.0,CL2,"(-4, 0)",beta
Senryu,Moved,"CL2_(-4, 0)_beta",-0.31952519282668973,0.0008797795530057759,-0.31952519282668973,CL2,"(-4, 0)",beta
Senryu,Originality,"CL2_(-4, 0)_beta",-0.4321490495710558,0.010798914728793007,-0.4321490495710558,CL2,"(-4, 0)",beta
Senryu,Creativity,"CL2_(-4, 0)_beta",-0.19759341642471834,0.23997941803598355,0.0,CL2,"(-4, 0)",beta
Control,Aesthetic_Appeal,"CL2_(-4, 0)_beta",-0.06131206364620233,0.5459542875006356,0.0,CL2,"(-4, 0)",beta
Control,Vivid_Imagery,"CL2_(-4, 0)_beta",-0.154371339762083,0.12371310973003592,0.0,CL2,"(-4, 0)",beta
Control,Moved,"CL2_(-4, 0)_beta",-0.24689833223805407,0.016285115057343594,-0.24689833223805407,CL2,"(-4, 0)",beta
Control,Originality,"CL2_(-4, 0)_beta",-0.42336086729646966,3.479451491629096e-05,-0.42336086729646966,CL2,"(-4, 0)",beta
Control,Creativity,"CL2_(-4, 0)_beta",-0.36990445702110086,0.0003050788366710789,-0.36990445702110086,CL2,"(-4, 0)",beta
Haiku,Aesthetic_Appeal,"CL2_(-4, 0)_delta",-0.04143064388631686,0.6955758189696628,0.0,CL2,"(-4, 0)",delta
Haiku,Vivid_Imagery,"CL2_(-4, 0)_delta",0.02942327547800729,0.6261645911102243,0.0,CL2,"(-4, 0)",delta
Haiku,Moved,"CL2_(-4, 0)_delta",0.05179212896206005,0.5938880420969366,0.0,CL2,"(-4, 0)",delta
Haiku,Originality,"CL2_(-4, 0)_delta",0.2060102158214158,0.03986387153403005,0.2060102158214158,CL2,"(-4, 0)",delta
Haiku,Creativity,"CL2_(-4, 0)_delta",0.11089401017349707,0.2802268978609824,0.0,CL2,"(-4, 0)",delta
Senryu,Aesthetic_Appeal,"CL2_(-4, 0)_delta",-0.042011715924406036,0.6833350006378418,0.0,CL2,"(-4, 0)",delta
Senryu,Vivid_Imagery,"CL2_(-4, 0)_delta",0.027348440223432708,0.7889615196579737,0.0,CL2,"(-4, 0)",delta
Senryu,Moved,"CL2_(-4, 0)_delta",0.009265767145452145,0.8808546996442266,0.0,CL2,"(-4, 0)",delta
Senryu,Originality,"CL2_(-4, 0)_delta",-0.09053948545204481,0.40663322602547625,0.0,CL2,"(-4, 0)",delta
Senryu,Creativity,"CL2_(-4, 0)_delta",0.11051847215169434,0.3024437969451732,0.0,CL2,"(-4, 0)",delta
Control,Aesthetic_Appeal,"CL2_(-4, 0)_delta",0.08980839361731938,0.2166635618756857,0.0,CL2,"(-4, 0)",delta
Control,Vivid_Imagery,"CL2_(-4, 0)_delta",0.12723528190683975,0.07600055458630488,0.0,CL2,"(-4, 0)",delta
Control,Moved,"CL2_(-4, 0)_delta",0.05272453957845441,0.4719693584964364,0.0,CL2,"(-4, 0)",delta
Control,Originality,"CL2_(-4, 0)_delta",0.02042030328504897,0.7798956809696016,0.0,CL2,"(-4, 0)",delta
Control,Creativity,"CL2_(-4, 0)_delta",0.0581217250424,0.4265992112471074,0.0,CL2,"(-4, 0)",delta
Haiku,Aesthetic_Appeal,"CL2_(-4, 0)_lower gamma",0.1287091249840582,0.26377207881259523,0.0,CL2,"(-4, 0)",lower gamma
Haiku,Vivid_Imagery,"CL2_(-4, 0)_lower gamma",-0.027813997078352037,0.6761122810280785,0.0,CL2,"(-4, 0)",lower gamma
Haiku,Moved,"CL2_(-4, 0)_lower gamma",0.20163815465030446,0.07889717358191731,0.0,CL2,"(-4, 0)",lower gamma
Haiku,Originality,"CL2_(-4, 0)_lower gamma",0.2554460114695113,0.02793368831517889,0.2554460114695113,CL2,"(-4, 0)",lower gamma
Haiku,Creativity,"CL2_(-4, 0)_lower gamma",0.2148466323747375,0.0605833153722575,0.0,CL2,"(-4, 0)",lower gamma
Senryu,Aesthetic_Appeal,"CL2_(-4, 0)_lower gamma",0.4638967756599189,0.0006116022580017675,0.4638967756599189,CL2,"(-4, 0)",lower gamma
Senryu,Vivid_Imagery,"CL2_(-4, 0)_lower gamma",0.22612148566898782,0.09091330932961746,0.0,CL2,"(-4, 0)",lower gamma
Senryu,Moved,"CL2_(-4, 0)_lower gamma",0.34017803580653283,1.0278638703492156e-05,0.34017803580653283,CL2,"(-4, 0)",lower gamma
Senryu,Originality,"CL2_(-4, 0)_lower gamma",0.5178897610656938,0.00011215462588889166,0.5178897610656938,CL2,"(-4, 0)",lower gamma
Senryu,Creativity,"CL2_(-4, 0)_lower gamma",0.45202565270980805,0.0007150734419980738,0.45202565270980805,CL2,"(-4, 0)",lower gamma
Control,Aesthetic_Appeal,"CL2_(-4, 0)_lower gamma",0.0784017972734215,0.23740831367441617,0.0,CL2,"(-4, 0)",lower gamma
Control,Vivid_Imagery,"CL2_(-4, 0)_lower gamma",0.08547711957985488,0.1914179861801567,0.0,CL2,"(-4, 0)",lower gamma
Control,Moved,"CL2_(-4, 0)_lower gamma",0.16006995594047188,0.01658974958683954,0.16006995594047188,CL2,"(-4, 0)",lower gamma
Control,Originality,"CL2_(-4, 0)_lower gamma",0.24248400195387046,0.0002828738716115289,0.24248400195387046,CL2,"(-4, 0)",lower gamma
Control,Creativity,"CL2_(-4, 0)_lower gamma",0.23895276513718317,0.0003738630649723128,0.23895276513718317,CL2,"(-4, 0)",lower gamma
Haiku,Aesthetic_Appeal,"CL2_(-4, 0)_theta",-0.02857707766354114,0.7946200569561919,0.0,CL2,"(-4, 0)",theta
Haiku,Vivid_Imagery,"CL2_(-4, 0)_theta",-0.09030281480888024,0.1457817484922721,0.0,CL2,"(-4, 0)",theta
Haiku,Moved,"CL2_(-4, 0)_theta",-0.010528875686173155,0.9158471391225601,0.0,CL2,"(-4, 0)",theta
Haiku,Originality,"CL2_(-4, 0)_theta",-0.1582985775431453,0.11439015533876888,0.0,CL2,"(-4, 0)",theta
Haiku,Creativity,"CL2_(-4, 0)_theta",-0.10988951833429896,0.2818001317471104,0.0,CL2,"(-4, 0)",theta
Senryu,Aesthetic_Appeal,"CL2_(-4, 0)_theta",-0.0034300246724995186,0.9784915660932627,0.0,CL2,"(-4, 0)",theta
Senryu,Vivid_Imagery,"CL2_(-4, 0)_theta",-0.0759281558893907,0.5425180742595047,0.0,CL2,"(-4, 0)",theta
Senryu,Moved,"CL2_(-4, 0)_theta",0.06531609548852942,0.38783810584059464,0.0,CL2,"(-4, 0)",theta
Senryu,Originality,"CL2_(-4, 0)_theta",0.20108046345571767,0.1319006593979698,0.0,CL2,"(-4, 0)",theta
Senryu,Creativity,"CL2_(-4, 0)_theta",-0.01831056183388749,0.8881127317376699,0.0,CL2,"(-4, 0)",theta
Control,Aesthetic_Appeal,"CL2_(-4, 0)_theta",0.057914892980587725,0.4915286757116314,0.0,CL2,"(-4, 0)",theta
Control,Vivid_Imagery,"CL2_(-4, 0)_theta",-0.0736608491281673,0.3749403785585961,0.0,CL2,"(-4, 0)",theta
Control,Moved,"CL2_(-4, 0)_theta",0.1404172005646263,0.09912561737294216,0.0,CL2,"(-4, 0)",theta
Control,Originality,"CL2_(-4, 0)_theta",0.17831284670751288,0.03550049835846347,0.17831284670751288,CL2,"(-4, 0)",theta
Control,Creativity,"CL2_(-4, 0)_theta",0.11605574452738288,0.17073738924362036,0.0,CL2,"(-4, 0)",theta
Haiku,Aesthetic_Appeal,"CL2_(0, 5)_alpha",-0.10360300052005046,0.3035317694947609,0.0,CL2,"(0, 5)",alpha
Haiku,Vivid_Imagery,"CL2_(0, 5)_alpha",-0.17906236665722983,0.0018727826793627788,-0.17906236665722983,CL2,"(0, 5)",alpha
Haiku,Moved,"CL2_(0, 5)_alpha",-0.0384540317916975,0.7046569645503642,0.0,CL2,"(0, 5)",alpha
Haiku,Originality,"CL2_(0, 5)_alpha",-0.20515268431694458,0.039521148089485474,-0.20515268431694458,CL2,"(0, 5)",alpha
Haiku,Creativity,"CL2_(0, 5)_alpha",-0.13192834837415007,0.17970002593066814,0.0,CL2,"(0, 5)",alpha
Senryu,Aesthetic_Appeal,"CL2_(0, 5)_alpha",0.30861287834800877,0.002884674721410443,0.30861287834800877,CL2,"(0, 5)",alpha
Senryu,Vivid_Imagery,"CL2_(0, 5)_alpha",0.07846685850674637,0.45321786891853844,0.0,CL2,"(0, 5)",alpha
Senryu,Moved,"CL2_(0, 5)_alpha",0.16830207872369585,0.005103899210211494,0.16830207872369585,CL2,"(0, 5)",alpha
Senryu,Originality,"CL2_(0, 5)_alpha",0.30350622734224497,0.003497054179883202,0.30350622734224497,CL2,"(0, 5)",alpha
Senryu,Creativity,"CL2_(0, 5)_alpha",0.17506742725491511,0.1002122913446251,0.0,CL2,"(0, 5)",alpha
Control,Aesthetic_Appeal,"CL2_(0, 5)_alpha",0.145200137094529,0.08646436048006838,0.0,CL2,"(0, 5)",alpha
Control,Vivid_Imagery,"CL2_(0, 5)_alpha",0.18013786194227385,0.032448238919706364,0.18013786194227385,CL2,"(0, 5)",alpha
Control,Moved,"CL2_(0, 5)_alpha",0.2645277259573478,0.0020051067314718137,0.2645277259573478,CL2,"(0, 5)",alpha
Control,Originality,"CL2_(0, 5)_alpha",0.2952749947701278,0.0005218762066309598,0.2952749947701278,CL2,"(0, 5)",alpha
Control,Creativity,"CL2_(0, 5)_alpha",0.38543422773734776,6.067059461542522e-06,0.38543422773734776,CL2,"(0, 5)",alpha
Haiku,Aesthetic_Appeal,"CL2_(0, 5)_beta",-0.16000344972496813,0.27061586704222707,0.0,CL2,"(0, 5)",beta
Haiku,Vivid_Imagery,"CL2_(0, 5)_beta",0.032302054770464626,0.6990912488202239,0.0,CL2,"(0, 5)",beta
Haiku,Moved,"CL2_(0, 5)_beta",-0.29570502882993516,0.0411757968865172,-0.29570502882993516,CL2,"(0, 5)",beta
Haiku,Originality,"CL2_(0, 5)_beta",-0.26160133186297974,0.0716846589786648,0.0,CL2,"(0, 5)",beta
Haiku,Creativity,"CL2_(0, 5)_beta",-0.3670506971741694,0.013390923150256003,-0.3670506971741694,CL2,"(0, 5)",beta
Senryu,Aesthetic_Appeal,"CL2_(0, 5)_beta",-0.3843386090695986,0.01682757430872778,-0.3843386090695986,CL2,"(0, 5)",beta
Senryu,Vivid_Imagery,"CL2_(0, 5)_beta",-0.19310125562825528,0.21517756886228434,0.0,CL2,"(0, 5)",beta
Senryu,Moved,"CL2_(0, 5)_beta",-0.24767044460478974,0.003776023907186739,-0.24767044460478974,CL2,"(0, 5)",beta
Senryu,Originality,"CL2_(0, 5)_beta",-0.43902829167308105,0.0041944170951299445,-0.43902829167308105,CL2,"(0, 5)",beta
Senryu,Creativity,"CL2_(0, 5)_beta",-0.4499055319352921,0.0024253866676037846,-0.4499055319352921,CL2,"(0, 5)",beta
Control,Aesthetic_Appeal,"CL2_(0, 5)_beta",-0.22333860527627733,0.06218434911104369,0.0,CL2,"(0, 5)",beta
Control,Vivid_Imagery,"CL2_(0, 5)_beta",-0.04530866007629987,0.6982957000772609,0.0,CL2,"(0, 5)",beta
Control,Moved,"CL2_(0, 5)_beta",-0.3028677088554862,0.01224002809941091,-0.3028677088554862,CL2,"(0, 5)",beta
Control,Originality,"CL2_(0, 5)_beta",-0.31061415993941377,0.009594199060857936,-0.31061415993941377,CL2,"(0, 5)",beta
Control,Creativity,"CL2_(0, 5)_beta",-0.3783969290343789,0.0016475797362549192,-0.3783969290343789,CL2,"(0, 5)",beta
Haiku,Aesthetic_Appeal,"CL2_(0, 5)_delta",0.19555383129740073,0.16933423092583844,0.0,CL2,"(0, 5)",delta
Haiku,Vivid_Imagery,"CL2_(0, 5)_delta",0.24730278351667134,0.0025515770066912007,0.24730278351667134,CL2,"(0, 5)",delta
Haiku,Moved,"CL2_(0, 5)_delta",0.291462329582993,0.03610346566218276,0.291462329582993,CL2,"(0, 5)",delta
Haiku,Originality,"CL2_(0, 5)_delta",0.12941438953296183,0.3516657570099172,0.0,CL2,"(0, 5)",delta
Haiku,Creativity,"CL2_(0, 5)_delta",0.10433795367257707,0.43061170846318453,0.0,CL2,"(0, 5)",delta
Senryu,Aesthetic_Appeal,"CL2_(0, 5)_delta",-0.041812332311291354,0.5974297023860957,0.0,CL2,"(0, 5)",delta
Senryu,Vivid_Imagery,"CL2_(0, 5)_delta",-0.01599586288626383,0.8365737273524316,0.0,CL2,"(0, 5)",delta
Senryu,Moved,"CL2_(0, 5)_delta",0.06035827433501714,0.19268988089260797,0.0,CL2,"(0, 5)",delta
Senryu,Originality,"CL2_(0, 5)_delta",0.07370023113014443,0.34722442741837933,0.0,CL2,"(0, 5)",delta
Senryu,Creativity,"CL2_(0, 5)_delta",0.06504738108339134,0.3963417222077943,0.0,CL2,"(0, 5)",delta
Control,Aesthetic_Appeal,"CL2_(0, 5)_delta",0.11108894755956576,0.12800512837709338,0.0,CL2,"(0, 5)",delta
Control,Vivid_Imagery,"CL2_(0, 5)_delta",0.028742195560377368,0.6854211665276537,0.0,CL2,"(0, 5)",delta
Control,Moved,"CL2_(0, 5)_delta",0.15094019889019478,0.04104241066002691,0.15094019889019478,CL2,"(0, 5)",delta
Control,Originality,"CL2_(0, 5)_delta",0.07537426229043412,0.2960458231135047,0.0,CL2,"(0, 5)",delta
Control,Creativity,"CL2_(0, 5)_delta",0.09262407750961982,0.19970645790297237,0.0,CL2,"(0, 5)",delta
Haiku,Aesthetic_Appeal,"CL2_(0, 5)_lower gamma",0.12496658160296,0.3397762271727587,0.0,CL2,"(0, 5)",lower gamma
Haiku,Vivid_Imagery,"CL2_(0, 5)_lower gamma",-0.05195703213753833,0.490038894117626,0.0,CL2,"(0, 5)",lower gamma
Haiku,Moved,"CL2_(0, 5)_lower gamma",0.16366914634917049,0.2270974830967013,0.0,CL2,"(0, 5)",lower gamma
Haiku,Originality,"CL2_(0, 5)_lower gamma",0.07910058041349008,0.5516048677852954,0.0,CL2,"(0, 5)",lower gamma
Haiku,Creativity,"CL2_(0, 5)_lower gamma",0.15574797011958819,0.2406233261028018,0.0,CL2,"(0, 5)",lower gamma
Senryu,Aesthetic_Appeal,"CL2_(0, 5)_lower gamma",0.22728449069788675,0.12173857982394491,0.0,CL2,"(0, 5)",lower gamma
Senryu,Vivid_Imagery,"CL2_(0, 5)_lower gamma",0.12274756493900175,0.40327252290181304,0.0,CL2,"(0, 5)",lower gamma
Senryu,Moved,"CL2_(0, 5)_lower gamma",0.21217072374958287,0.009358292736254275,0.21217072374958287,CL2,"(0, 5)",lower gamma
Senryu,Originality,"CL2_(0, 5)_lower gamma",0.3319814562042615,0.02149077862526779,0.3319814562042615,CL2,"(0, 5)",lower gamma
Senryu,Creativity,"CL2_(0, 5)_lower gamma",0.3524454913253084,0.012866458446043854,0.3524454913253084,CL2,"(0, 5)",lower gamma
Control,Aesthetic_Appeal,"CL2_(0, 5)_lower gamma",0.024482019130308348,0.7791153176372129,0.0,CL2,"(0, 5)",lower gamma
Control,Vivid_Imagery,"CL2_(0, 5)_lower gamma",-0.010923954710645806,0.8985432068778334,0.0,CL2,"(0, 5)",lower gamma
Control,Moved,"CL2_(0, 5)_lower gamma",0.11003700655359533,0.21302044709894397,0.0,CL2,"(0, 5)",lower gamma
Control,Originality,"CL2_(0, 5)_lower gamma",0.11297801921924194,0.20109216494546456,0.0,CL2,"(0, 5)",lower gamma
Control,Creativity,"CL2_(0, 5)_lower gamma",0.14036669080861766,0.11185142224224916,0.0,CL2,"(0, 5)",lower gamma
Haiku,Aesthetic_Appeal,"CL2_(0, 5)_theta",-0.038864186223061106,0.7868708484773876,0.0,CL2,"(0, 5)",theta
Haiku,Vivid_Imagery,"CL2_(0, 5)_theta",-0.12644524123411674,0.12681403463221677,0.0,CL2,"(0, 5)",theta
Haiku,Moved,"CL2_(0, 5)_theta",-0.09178678678029535,0.5053212466382195,0.0,CL2,"(0, 5)",theta
Haiku,Originality,"CL2_(0, 5)_theta",0.07751851511268786,0.5729725481894075,0.0,CL2,"(0, 5)",theta
Haiku,Creativity,"CL2_(0, 5)_theta",0.15398784862165033,0.24428371075901878,0.0,CL2,"(0, 5)",theta
Senryu,Aesthetic_Appeal,"CL2_(0, 5)_theta",-0.20625868762665964,0.04825519761584992,-0.20625868762665964,CL2,"(0, 5)",theta
Senryu,Vivid_Imagery,"CL2_(0, 5)_theta",0.0012885105617244116,0.9899726670514601,0.0,CL2,"(0, 5)",theta
Senryu,Moved,"CL2_(0, 5)_theta",-0.09216557081445906,0.1296822712432903,0.0,CL2,"(0, 5)",theta
Senryu,Originality,"CL2_(0, 5)_theta",-0.14302704088559787,0.164805492982951,0.0,CL2,"(0, 5)",theta
Senryu,Creativity,"CL2_(0, 5)_theta",-0.05990506031735044,0.5701979481934354,0.0,CL2,"(0, 5)",theta
Control,Aesthetic_Appeal,"CL2_(0, 5)_theta",-0.0844026400273593,0.4718680588831039,0.0,CL2,"(0, 5)",theta
Control,Vivid_Imagery,"CL2_(0, 5)_theta",-0.14834182703044307,0.1969135155122671,0.0,CL2,"(0, 5)",theta
Control,Moved,"CL2_(0, 5)_theta",-0.2132946951504418,0.0723441041569601,0.0,CL2,"(0, 5)",theta
Control,Originality,"CL2_(0, 5)_theta",-0.16787021441312114,0.15027583556587618,0.0,CL2,"(0, 5)",theta
Control,Creativity,"CL2_(0, 5)_theta",-0.19065780717331948,0.10301567948557915,0.0,CL2,"(0, 5)",theta
Haiku,Aesthetic_Appeal,"CL2_(5, 10)_alpha",0.14279674003047918,0.45026414536009984,0.0,CL2,"(5, 10)",alpha
Haiku,Vivid_Imagery,"CL2_(5, 10)_alpha",0.04550932159376977,0.6544179409418347,0.0,CL2,"(5, 10)",alpha
Haiku,Moved,"CL2_(5, 10)_alpha",0.135900995668137,0.4348792059369737,0.0,CL2,"(5, 10)",alpha
Haiku,Originality,"CL2_(5, 10)_alpha",0.0905220931112719,0.6466277981643926,0.0,CL2,"(5, 10)",alpha
Haiku,Creativity,"CL2_(5, 10)_alpha",0.1196573111196177,0.5222373270164591,0.0,CL2,"(5, 10)",alpha
Senryu,Aesthetic_Appeal,"CL2_(5, 10)_alpha",-0.2704582508400903,0.12988584029826433,0.0,CL2,"(5, 10)",alpha
Senryu,Vivid_Imagery,"CL2_(5, 10)_alpha",-0.19146862173486673,0.2906604829486149,0.0,CL2,"(5, 10)",alpha
Senryu,Moved,"CL2_(5, 10)_alpha",-0.16027477559421974,0.12251395974321858,0.0,CL2,"(5, 10)",alpha
Senryu,Originality,"CL2_(5, 10)_alpha",-0.25642864367531937,0.14576699363462622,0.0,CL2,"(5, 10)",alpha
Senryu,Creativity,"CL2_(5, 10)_alpha",-0.15335178804109284,0.3900806985302636,0.0,CL2,"(5, 10)",alpha
Control,Aesthetic_Appeal,"CL2_(5, 10)_alpha",0.26982785907297036,5.689792479959109e-05,0.26982785907297036,CL2,"(5, 10)",alpha
Control,Vivid_Imagery,"CL2_(5, 10)_alpha",0.211354736354233,0.001586356107459097,0.211354736354233,CL2,"(5, 10)",alpha
Control,Moved,"CL2_(5, 10)_alpha",0.2673703944774289,9.069107788362344e-05,0.2673703944774289,CL2,"(5, 10)",alpha
Control,Originality,"CL2_(5, 10)_alpha",0.3181058906103976,2.7482618874836536e-06,0.3181058906103976,CL2,"(5, 10)",alpha
Control,Creativity,"CL2_(5, 10)_alpha",0.2251551679530893,0.000974263041425131,0.2251551679530893,CL2,"(5, 10)",alpha
Haiku,Aesthetic_Appeal,"CL2_(5, 10)_beta",-0.12311383890717577,0.43364794353434344,0.0,CL2,"(5, 10)",beta
Haiku,Vivid_Imagery,"CL2_(5, 10)_beta",-0.012048967906583863,0.8957623102495036,0.0,CL2,"(5, 10)",beta
Haiku,Moved,"CL2_(5, 10)_beta",-0.16921347875276505,0.28141553762527016,0.0,CL2,"(5, 10)",beta
Haiku,Originality,"CL2_(5, 10)_beta",-0.19272861254343346,0.2453358780361905,0.0,CL2,"(5, 10)",beta
Haiku,Creativity,"CL2_(5, 10)_beta",-0.22112598984451273,0.14822400290742696,0.0,CL2,"(5, 10)",beta
Senryu,Aesthetic_Appeal,"CL2_(5, 10)_beta",-0.1702850860957316,0.4378277784997421,0.0,CL2,"(5, 10)",beta
Senryu,Vivid_Imagery,"CL2_(5, 10)_beta",-0.05436632537010761,0.8008939044296931,0.0,CL2,"(5, 10)",beta
Senryu,Moved,"CL2_(5, 10)_beta",-0.029867101440042475,0.8067022922622284,0.0,CL2,"(5, 10)",beta
Senryu,Originality,"CL2_(5, 10)_beta",-0.02920607458797562,0.8887038723795353,0.0,CL2,"(5, 10)",beta
Senryu,Creativity,"CL2_(5, 10)_beta",-0.09406707502932617,0.654750875094267,0.0,CL2,"(5, 10)",beta
Control,Aesthetic_Appeal,"CL2_(5, 10)_beta",-0.35909923658046145,0.00025872853558094614,-0.35909923658046145,CL2,"(5, 10)",beta
Control,Vivid_Imagery,"CL2_(5, 10)_beta",-0.28422046781537835,0.0036091604222143374,-0.28422046781537835,CL2,"(5, 10)",beta
Control,Moved,"CL2_(5, 10)_beta",-0.3815071935128782,0.00015452267457740623,-0.3815071935128782,CL2,"(5, 10)",beta
Control,Originality,"CL2_(5, 10)_beta",-0.4199444730264023,4.4342133215130824e-05,-0.4199444730264023,CL2,"(5, 10)",beta
Control,Creativity,"CL2_(5, 10)_beta",-0.39262555273172994,0.000110941439467655,-0.39262555273172994,CL2,"(5, 10)",beta
Haiku,Aesthetic_Appeal,"CL2_(5, 10)_delta",-0.1644714585955324,0.26309097905424494,0.0,CL2,"(5, 10)",delta
Haiku,Vivid_Imagery,"CL2_(5, 10)_delta",-0.03644731284645117,0.6761533750012803,0.0,CL2,"(5, 10)",delta
Haiku,Moved,"CL2_(5, 10)_delta",0.06295798336979462,0.6656702464776718,0.0,CL2,"(5, 10)",delta
Haiku,Originality,"CL2_(5, 10)_delta",-0.1779294932313582,0.241860304670646,0.0,CL2,"(5, 10)",delta
Haiku,Creativity,"CL2_(5, 10)_delta",-0.10860234288663594,0.4768030300557291,0.0,CL2,"(5, 10)",delta
Senryu,Aesthetic_Appeal,"CL2_(5, 10)_delta",0.08517738164026753,0.36438072073167127,0.0,CL2,"(5, 10)",delta
Senryu,Vivid_Imagery,"CL2_(5, 10)_delta",0.08660139665982103,0.3125097794580173,0.0,CL2,"(5, 10)",delta
Senryu,Moved,"CL2_(5, 10)_delta",9.888626042785138e-05,0.9984875234630104,0.0,CL2,"(5, 10)",delta
Senryu,Originality,"CL2_(5, 10)_delta",-0.040689825485060206,0.6337495186306528,0.0,CL2,"(5, 10)",delta
Senryu,Creativity,"CL2_(5, 10)_delta",0.05799288892148861,0.4895501144022433,0.0,CL2,"(5, 10)",delta
Control,Aesthetic_Appeal,"CL2_(5, 10)_delta",0.01304872907335899,0.8714328824088157,0.0,CL2,"(5, 10)",delta
Control,Vivid_Imagery,"CL2_(5, 10)_delta",0.0671674099939658,0.3907898119512395,0.0,CL2,"(5, 10)",delta
Control,Moved,"CL2_(5, 10)_delta",-0.05544663285231278,0.5697077075318302,0.0,CL2,"(5, 10)",delta
Control,Originality,"CL2_(5, 10)_delta",-0.08657144037070956,0.3517753268912598,0.0,CL2,"(5, 10)",delta
Control,Creativity,"CL2_(5, 10)_delta",-0.0989191888178548,0.2980947852901291,0.0,CL2,"(5, 10)",delta
Haiku,Aesthetic_Appeal,"CL2_(5, 10)_lower gamma",0.18126266727453522,0.0415557838129621,0.18126266727453522,CL2,"(5, 10)",lower gamma
Haiku,Vivid_Imagery,"CL2_(5, 10)_lower gamma",0.03745124201453807,0.4734366977490274,0.0,CL2,"(5, 10)",lower gamma
Haiku,Moved,"CL2_(5, 10)_lower gamma",0.18214019881157542,0.045690506562656136,0.18214019881157542,CL2,"(5, 10)",lower gamma
Haiku,Originality,"CL2_(5, 10)_lower gamma",0.20979055610685757,0.02335606748037264,0.20979055610685757,CL2,"(5, 10)",lower gamma
Haiku,Creativity,"CL2_(5, 10)_lower gamma",0.2582382796475179,0.00468752093870249,0.2582382796475179,CL2,"(5, 10)",lower gamma
Senryu,Aesthetic_Appeal,"CL2_(5, 10)_lower gamma",0.2587830227992332,0.05894691832831643,0.0,CL2,"(5, 10)",lower gamma
Senryu,Vivid_Imagery,"CL2_(5, 10)_lower gamma",0.10349093823439574,0.4262628415056886,0.0,CL2,"(5, 10)",lower gamma
Senryu,Moved,"CL2_(5, 10)_lower gamma",0.07178170371033277,0.3343853031044126,0.0,CL2,"(5, 10)",lower gamma
Senryu,Originality,"CL2_(5, 10)_lower gamma",0.12770378059582896,0.3388197449661601,0.0,CL2,"(5, 10)",lower gamma
Senryu,Creativity,"CL2_(5, 10)_lower gamma",0.15518005057544673,0.23839512929701356,0.0,CL2,"(5, 10)",lower gamma
Control,Aesthetic_Appeal,"CL2_(5, 10)_lower gamma",0.30886591318811196,7.403720157652767e-06,0.30886591318811196,CL2,"(5, 10)",lower gamma
Control,Vivid_Imagery,"CL2_(5, 10)_lower gamma",0.15934139577506504,0.01980071382835779,0.15934139577506504,CL2,"(5, 10)",lower gamma
Control,Moved,"CL2_(5, 10)_lower gamma",0.3190045833512513,4.754574761746738e-06,0.3190045833512513,CL2,"(5, 10)",lower gamma
Control,Originality,"CL2_(5, 10)_lower gamma",0.2900682623084664,3.714936356161592e-05,0.2900682623084664,CL2,"(5, 10)",lower gamma
Control,Creativity,"CL2_(5, 10)_lower gamma",0.31906212722992616,5.396033979070924e-06,0.31906212722992616,CL2,"(5, 10)",lower gamma
Haiku,Aesthetic_Appeal,"CL2_(5, 10)_theta",-0.09047680542459542,0.6970441454992835,0.0,CL2,"(5, 10)",theta
Haiku,Vivid_Imagery,"CL2_(5, 10)_theta",-0.04803977041448023,0.7234597635963025,0.0,CL2,"(5, 10)",theta
Haiku,Moved,"CL2_(5, 10)_theta",-0.1787074479000929,0.4259520981108994,0.0,CL2,"(5, 10)",theta
Haiku,Originality,"CL2_(5, 10)_theta",0.17218721051354352,0.4922602891456166,0.0,CL2,"(5, 10)",theta
Haiku,Creativity,"CL2_(5, 10)_theta",0.04995356380634637,0.8374436562545102,0.0,CL2,"(5, 10)",theta
Senryu,Aesthetic_Appeal,"CL2_(5, 10)_theta",0.2367417387531276,0.09737327835968179,0.0,CL2,"(5, 10)",theta
Senryu,Vivid_Imagery,"CL2_(5, 10)_theta",0.07192423534584604,0.5965849403219747,0.0,CL2,"(5, 10)",theta
Senryu,Moved,"CL2_(5, 10)_theta",0.13303806386312486,0.11183233839918759,0.0,CL2,"(5, 10)",theta
Senryu,Originality,"CL2_(5, 10)_theta",0.19433355467376526,0.15142776245989656,0.0,CL2,"(5, 10)",theta
Senryu,Creativity,"CL2_(5, 10)_theta",0.07304407744993664,0.5962876581874861,0.0,CL2,"(5, 10)",theta
Control,Aesthetic_Appeal,"CL2_(5, 10)_theta",-0.08856624832797089,0.37564034971088567,0.0,CL2,"(5, 10)",theta
Control,Vivid_Imagery,"CL2_(5, 10)_theta",-0.1370420831560788,0.1636163674021307,0.0,CL2,"(5, 10)",theta
Control,Moved,"CL2_(5, 10)_theta",0.03189769221654134,0.7769980762576277,0.0,CL2,"(5, 10)",theta
Control,Originality,"CL2_(5, 10)_theta",0.04869092940664656,0.6560547278660209,0.0,CL2,"(5, 10)",theta
Control,Creativity,"CL2_(5, 10)_theta",0.08904567327130457,0.4212838003797855,0.0,CL2,"(5, 10)",theta
Haiku,Aesthetic_Appeal,"CL3_(-4, 0)_alpha",-0.0009659182810314035,0.9930177665026868,0.0,CL3,"(-4, 0)",alpha
Haiku,Vivid_Imagery,"CL3_(-4, 0)_alpha",-0.03301403657875424,0.6080054697329764,0.0,CL3,"(-4, 0)",alpha
Haiku,Moved,"CL3_(-4, 0)_alpha",-0.1904511979382655,0.08593683893657417,0.0,CL3,"(-4, 0)",alpha
Haiku,Originality,"CL3_(-4, 0)_alpha",-0.2802316912541634,0.012511718325638427,-0.2802316912541634,CL3,"(-4, 0)",alpha
Haiku,Creativity,"CL3_(-4, 0)_alpha",-0.21845717517399987,0.048277983058698196,-0.21845717517399987,CL3,"(-4, 0)",alpha
Senryu,Aesthetic_Appeal,"CL3_(-4, 0)_alpha",-0.1030036879612391,0.3892453609328169,0.0,CL3,"(-4, 0)",alpha
Senryu,Vivid_Imagery,"CL3_(-4, 0)_alpha",-0.09323981437988675,0.4325394267288454,0.0,CL3,"(-4, 0)",alpha
Senryu,Moved,"CL3_(-4, 0)_alpha",-0.14544697402493365,0.036040632694881045,-0.14544697402493365,CL3,"(-4, 0)",alpha
Senryu,Originality,"CL3_(-4, 0)_alpha",-0.42538507103583073,0.0003382650008250334,-0.42538507103583073,CL3,"(-4, 0)",alpha
Senryu,Creativity,"CL3_(-4, 0)_alpha",-0.16245385791872657,0.1723805247617186,0.0,CL3,"(-4, 0)",alpha
Control,Aesthetic_Appeal,"CL3_(-4, 0)_alpha",-0.1617613938980059,0.012757142216583608,-0.1617613938980059,CL3,"(-4, 0)",alpha
Control,Vivid_Imagery,"CL3_(-4, 0)_alpha",-0.22272612158925442,0.0005277381415301291,-0.22272612158925442,CL3,"(-4, 0)",alpha
Control,Moved,"CL3_(-4, 0)_alpha",-0.14035616352776634,0.03416341529422889,-0.14035616352776634,CL3,"(-4, 0)",alpha
Control,Originality,"CL3_(-4, 0)_alpha",-0.21481291652237988,0.0010533243094051363,-0.21481291652237988,CL3,"(-4, 0)",alpha
Control,Creativity,"CL3_(-4, 0)_alpha",-0.22133311538122458,0.0008124540471501112,-0.22133311538122458,CL3,"(-4, 0)",alpha
Haiku,Aesthetic_Appeal,"CL3_(-4, 0)_beta",-0.06310671110138807,0.5794446781862664,0.0,CL3,"(-4, 0)",beta
Haiku,Vivid_Imagery,"CL3_(-4, 0)_beta",-0.07865389306865281,0.2355510852769459,0.0,CL3,"(-4, 0)",beta
Haiku,Moved,"CL3_(-4, 0)_beta",0.08055199355591543,0.47875234282193013,0.0,CL3,"(-4, 0)",beta
Haiku,Originality,"CL3_(-4, 0)_beta",0.0905335278284215,0.4336844560245805,0.0,CL3,"(-4, 0)",beta
Haiku,Creativity,"CL3_(-4, 0)_beta",0.11229895329817005,0.3276732342223634,0.0,CL3,"(-4, 0)",beta
Senryu,Aesthetic_Appeal,"CL3_(-4, 0)_beta",0.21460370803809214,0.0630929084959453,0.0,CL3,"(-4, 0)",beta
Senryu,Vivid_Imagery,"CL3_(-4, 0)_beta",0.09321202484997877,0.4142391422341202,0.0,CL3,"(-4, 0)",beta
Senryu,Moved,"CL3_(-4, 0)_beta",0.30062380475873224,6.0205864148127e-06,0.30062380475873224,CL3,"(-4, 0)",beta
Senryu,Originality,"CL3_(-4, 0)_beta",0.4869222970814783,2.7391222385027893e-05,0.4869222970814783,CL3,"(-4, 0)",beta
Senryu,Creativity,"CL3_(-4, 0)_beta",0.4473205044859391,9.959331064264795e-05,0.4473205044859391,CL3,"(-4, 0)",beta
Control,Aesthetic_Appeal,"CL3_(-4, 0)_beta",0.30567686171238795,2.0616882241065967e-06,0.30567686171238795,CL3,"(-4, 0)",beta
Control,Vivid_Imagery,"CL3_(-4, 0)_beta",0.11904475274723972,0.06115216073606759,0.0,CL3,"(-4, 0)",beta
Control,Moved,"CL3_(-4, 0)_beta",0.24704704008741046,0.00015804094650190712,0.24704704008741046,CL3,"(-4, 0)",beta
Control,Originality,"CL3_(-4, 0)_beta",0.35483894404688227,5.164972231124782e-08,0.35483894404688227,CL3,"(-4, 0)",beta
Control,Creativity,"CL3_(-4, 0)_beta",0.35035788342878976,9.273557465814323e-08,0.35035788342878976,CL3,"(-4, 0)",beta
Haiku,Aesthetic_Appeal,"CL3_(-4, 0)_delta",-0.11762393416445034,0.1543951055830876,0.0,CL3,"(-4, 0)",delta
Haiku,Vivid_Imagery,"CL3_(-4, 0)_delta",-0.11021914429915301,0.019512370191629706,-0.11021914429915301,CL3,"(-4, 0)",delta
Haiku,Moved,"CL3_(-4, 0)_delta",-0.13028659808355494,0.09986819750366155,0.0,CL3,"(-4, 0)",delta
Haiku,Originality,"CL3_(-4, 0)_delta",-0.10716068656524293,0.18248667630833515,0.0,CL3,"(-4, 0)",delta
Haiku,Creativity,"CL3_(-4, 0)_delta",-0.11552626073869521,0.15753030884799168,0.0,CL3,"(-4, 0)",delta
Senryu,Aesthetic_Appeal,"CL3_(-4, 0)_delta",-0.12615293571529584,0.15395740098303273,0.0,CL3,"(-4, 0)",delta
Senryu,Vivid_Imagery,"CL3_(-4, 0)_delta",-0.10257909268007616,0.25381527292786477,0.0,CL3,"(-4, 0)",delta
Senryu,Moved,"CL3_(-4, 0)_delta",-0.10544252644356651,0.04173613577450816,-0.10544252644356651,CL3,"(-4, 0)",delta
Senryu,Originality,"CL3_(-4, 0)_delta",-0.03692993366659405,0.6755879971747611,0.0,CL3,"(-4, 0)",delta
Senryu,Creativity,"CL3_(-4, 0)_delta",-0.09536913137934934,0.2805963494364818,0.0,CL3,"(-4, 0)",delta
Control,Aesthetic_Appeal,"CL3_(-4, 0)_delta",-0.024339096595834397,0.627231731382309,0.0,CL3,"(-4, 0)",delta
Control,Vivid_Imagery,"CL3_(-4, 0)_delta",-0.021518286465554426,0.6680282534527245,0.0,CL3,"(-4, 0)",delta
Control,Moved,"CL3_(-4, 0)_delta",-0.07361906056245526,0.14985267832450733,0.0,CL3,"(-4, 0)",delta
Control,Originality,"CL3_(-4, 0)_delta",-0.09925130955100964,0.0517746466284555,0.0,CL3,"(-4, 0)",delta
Control,Creativity,"CL3_(-4, 0)_delta",-0.0895591837925491,0.07986639557789585,0.0,CL3,"(-4, 0)",delta
Haiku,Aesthetic_Appeal,"CL3_(-4, 0)_lower gamma",-0.16741656290766094,0.19686461561860413,0.0,CL3,"(-4, 0)",lower gamma
Haiku,Vivid_Imagery,"CL3_(-4, 0)_lower gamma",-0.12689510190283496,0.0962147819808713,0.0,CL3,"(-4, 0)",lower gamma
Haiku,Moved,"CL3_(-4, 0)_lower gamma",-0.14516808582761265,0.26962272263950615,0.0,CL3,"(-4, 0)",lower gamma
Haiku,Originality,"CL3_(-4, 0)_lower gamma",-0.44201593090295893,0.0007744748200013732,-0.44201593090295893,CL3,"(-4, 0)",lower gamma
Haiku,Creativity,"CL3_(-4, 0)_lower gamma",-0.15764447758841968,0.22822904396181387,0.0,CL3,"(-4, 0)",lower gamma
Senryu,Aesthetic_Appeal,"CL3_(-4, 0)_lower gamma",-0.052981347862589505,0.6658140051659873,0.0,CL3,"(-4, 0)",lower gamma
Senryu,Vivid_Imagery,"CL3_(-4, 0)_lower gamma",-0.018948284839379013,0.8769931414329221,0.0,CL3,"(-4, 0)",lower gamma
Senryu,Moved,"CL3_(-4, 0)_lower gamma",-0.10982784438128934,0.1206602871617464,0.0,CL3,"(-4, 0)",lower gamma
Senryu,Originality,"CL3_(-4, 0)_lower gamma",-0.1260254031309474,0.3061924274373269,0.0,CL3,"(-4, 0)",lower gamma
Senryu,Creativity,"CL3_(-4, 0)_lower gamma",-0.089315649077616,0.46300256824597763,0.0,CL3,"(-4, 0)",lower gamma
Control,Aesthetic_Appeal,"CL3_(-4, 0)_lower gamma",-0.09627998740815547,0.15240356261902635,0.0,CL3,"(-4, 0)",lower gamma
Control,Vivid_Imagery,"CL3_(-4, 0)_lower gamma",-0.04522201846203758,0.4957049659494329,0.0,CL3,"(-4, 0)",lower gamma
Control,Moved,"CL3_(-4, 0)_lower gamma",-0.09558463772422797,0.1617995386315032,0.0,CL3,"(-4, 0)",lower gamma
Control,Originality,"CL3_(-4, 0)_lower gamma",-0.07778906524171923,0.25318836868731653,0.0,CL3,"(-4, 0)",lower gamma
Control,Creativity,"CL3_(-4, 0)_lower gamma",-0.045584481395811956,0.5050487950275877,0.0,CL3,"(-4, 0)",lower gamma
Haiku,Aesthetic_Appeal,"CL3_(-4, 0)_theta",0.15969175129517432,0.0481395387862115,0.15969175129517432,CL3,"(-4, 0)",theta
Haiku,Vivid_Imagery,"CL3_(-4, 0)_theta",0.0563375047618969,0.2364927778538205,0.0,CL3,"(-4, 0)",theta
Haiku,Moved,"CL3_(-4, 0)_theta",0.08670871512533358,0.28036186335781343,0.0,CL3,"(-4, 0)",theta
Haiku,Originality,"CL3_(-4, 0)_theta",0.19462992036315338,0.016733367500317824,0.19462992036315338,CL3,"(-4, 0)",theta
Haiku,Creativity,"CL3_(-4, 0)_theta",0.13687463320297297,0.09008181080361892,0.0,CL3,"(-4, 0)",theta
Senryu,Aesthetic_Appeal,"CL3_(-4, 0)_theta",-0.02848349578438563,0.7492746067556384,0.0,CL3,"(-4, 0)",theta
Senryu,Vivid_Imagery,"CL3_(-4, 0)_theta",0.05795588613866375,0.5099150134818573,0.0,CL3,"(-4, 0)",theta
Senryu,Moved,"CL3_(-4, 0)_theta",0.05226611345668846,0.3102936722461568,0.0,CL3,"(-4, 0)",theta
Senryu,Originality,"CL3_(-4, 0)_theta",0.10413474420861529,0.23823133926550377,0.0,CL3,"(-4, 0)",theta
Senryu,Creativity,"CL3_(-4, 0)_theta",0.08133355682894411,0.3611249863306655,0.0,CL3,"(-4, 0)",theta
Control,Aesthetic_Appeal,"CL3_(-4, 0)_theta",0.05981227917783782,0.2151674486645312,0.0,CL3,"(-4, 0)",theta
Control,Vivid_Imagery,"CL3_(-4, 0)_theta",0.12642316156268432,0.008052346077019606,0.12642316156268432,CL3,"(-4, 0)",theta
Control,Moved,"CL3_(-4, 0)_theta",0.14046716656465277,0.004019468001536834,0.14046716656465277,CL3,"(-4, 0)",theta
Control,Originality,"CL3_(-4, 0)_theta",0.14033208155020221,0.004054031503202829,0.14033208155020221,CL3,"(-4, 0)",theta
Control,Creativity,"CL3_(-4, 0)_theta",0.11101236097073273,0.023854864207108105,0.11101236097073273,CL3,"(-4, 0)",theta
Haiku,Aesthetic_Appeal,"CL3_(0, 5)_alpha",-0.1069495541651767,0.29414216459789255,0.0,CL3,"(0, 5)",alpha
Haiku,Vivid_Imagery,"CL3_(0, 5)_alpha",0.06318273558727586,0.2879683343833215,0.0,CL3,"(0, 5)",alpha
Haiku,Moved,"CL3_(0, 5)_alpha",0.04740496279486005,0.641250986013461,0.0,CL3,"(0, 5)",alpha
Haiku,Originality,"CL3_(0, 5)_alpha",-0.3317000499861238,0.0012329073469117382,-0.3317000499861238,CL3,"(0, 5)",alpha
Haiku,Creativity,"CL3_(0, 5)_alpha",-0.28624906433539854,0.004949732898867108,-0.28624906433539854,CL3,"(0, 5)",alpha
Senryu,Aesthetic_Appeal,"CL3_(0, 5)_alpha",0.025404975135154755,0.8181467951335932,0.0,CL3,"(0, 5)",alpha
Senryu,Vivid_Imagery,"CL3_(0, 5)_alpha",0.04564289990738749,0.6787634313000672,0.0,CL3,"(0, 5)",alpha
Senryu,Moved,"CL3_(0, 5)_alpha",0.05946171733299769,0.356351703502397,0.0,CL3,"(0, 5)",alpha
Senryu,Originality,"CL3_(0, 5)_alpha",-0.2557486580655552,0.02142207901389637,-0.2557486580655552,CL3,"(0, 5)",alpha
Senryu,Creativity,"CL3_(0, 5)_alpha",-0.12196496064921966,0.27052406533353934,0.0,CL3,"(0, 5)",alpha
Control,Aesthetic_Appeal,"CL3_(0, 5)_alpha",0.15378216567330052,0.01461625798225504,0.15378216567330052,CL3,"(0, 5)",alpha
Control,Vivid_Imagery,"CL3_(0, 5)_alpha",0.18083804998197442,0.0036622886794180397,0.18083804998197442,CL3,"(0, 5)",alpha
Control,Moved,"CL3_(0, 5)_alpha",0.12526916102021948,0.05206731469525188,0.0,CL3,"(0, 5)",alpha
Control,Originality,"CL3_(0, 5)_alpha",0.05811706232538484,0.36150656302298245,0.0,CL3,"(0, 5)",alpha
Control,Creativity,"CL3_(0, 5)_alpha",0.04043303643431293,0.5276691052820475,0.0,CL3,"(0, 5)",alpha
Haiku,Aesthetic_Appeal,"CL3_(0, 5)_beta",0.19277351043849728,0.11723446795586559,0.0,CL3,"(0, 5)",beta
Haiku,Vivid_Imagery,"CL3_(0, 5)_beta",0.04060890970713711,0.5722984290779924,0.0,CL3,"(0, 5)",beta
Haiku,Moved,"CL3_(0, 5)_beta",0.35938211041601337,0.003718273117972942,0.35938211041601337,CL3,"(0, 5)",beta
Haiku,Originality,"CL3_(0, 5)_beta",0.19562012514209226,0.11715425083942342,0.0,CL3,"(0, 5)",beta
Haiku,Creativity,"CL3_(0, 5)_beta",0.40095203543266494,0.0012287323707829009,0.40095203543266494,CL3,"(0, 5)",beta
Senryu,Aesthetic_Appeal,"CL3_(0, 5)_beta",0.028953508057884964,0.8216229956383228,0.0,CL3,"(0, 5)",beta
Senryu,Vivid_Imagery,"CL3_(0, 5)_beta",0.22893555885029646,0.077238946008532,0.0,CL3,"(0, 5)",beta
Senryu,Moved,"CL3_(0, 5)_beta",0.06264529813476293,0.39796382912202277,0.0,CL3,"(0, 5)",beta
Senryu,Originality,"CL3_(0, 5)_beta",0.31466012803142734,0.014758841224967326,0.31466012803142734,CL3,"(0, 5)",beta
Senryu,Creativity,"CL3_(0, 5)_beta",0.37915470188697675,0.0032354124891735623,0.37915470188697675,CL3,"(0, 5)",beta
Control,Aesthetic_Appeal,"CL3_(0, 5)_beta",-0.06627466682228653,0.3884636910364606,0.0,CL3,"(0, 5)",beta
Control,Vivid_Imagery,"CL3_(0, 5)_beta",-0.12606512507701817,0.09792121982869925,0.0,CL3,"(0, 5)",beta
Control,Moved,"CL3_(0, 5)_beta",-0.07356718641170415,0.3468779572823615,0.0,CL3,"(0, 5)",beta
Control,Originality,"CL3_(0, 5)_beta",0.005518672007967492,0.9433761155558942,0.0,CL3,"(0, 5)",beta
Control,Creativity,"CL3_(0, 5)_beta",0.05738210019977285,0.4630439880859699,0.0,CL3,"(0, 5)",beta
Haiku,Aesthetic_Appeal,"CL3_(0, 5)_delta",-0.13304377828874453,0.07163410278893582,0.0,CL3,"(0, 5)",delta
Haiku,Vivid_Imagery,"CL3_(0, 5)_delta",-0.03189765303128133,0.46369207221566855,0.0,CL3,"(0, 5)",delta
Haiku,Moved,"CL3_(0, 5)_delta",-0.03698953017004566,0.6217599568858726,0.0,CL3,"(0, 5)",delta
Haiku,Originality,"CL3_(0, 5)_delta",0.12906748715766772,0.0831841024835013,0.0,CL3,"(0, 5)",delta
Haiku,Creativity,"CL3_(0, 5)_delta",0.0704373558948424,0.33553642293147057,0.0,CL3,"(0, 5)",delta
Senryu,Aesthetic_Appeal,"CL3_(0, 5)_delta",-0.11496525929113534,0.1705304758534305,0.0,CL3,"(0, 5)",delta
Senryu,Vivid_Imagery,"CL3_(0, 5)_delta",-0.04093891797013153,0.6236176596616725,0.0,CL3,"(0, 5)",delta
Senryu,Moved,"CL3_(0, 5)_delta",0.08211467768503922,0.08467682973592792,0.0,CL3,"(0, 5)",delta
Senryu,Originality,"CL3_(0, 5)_delta",0.1146788278217547,0.16595195096414905,0.0,CL3,"(0, 5)",delta
Senryu,Creativity,"CL3_(0, 5)_delta",-0.10300025826088983,0.20440806248565935,0.0,CL3,"(0, 5)",delta
Control,Aesthetic_Appeal,"CL3_(0, 5)_delta",0.0015898435730414286,0.9730809413526963,0.0,CL3,"(0, 5)",delta
Control,Vivid_Imagery,"CL3_(0, 5)_delta",0.11029501620638389,0.01887944127138526,0.11029501620638389,CL3,"(0, 5)",delta
Control,Moved,"CL3_(0, 5)_delta",-0.028406350113726754,0.5516413547345237,0.0,CL3,"(0, 5)",delta
Control,Originality,"CL3_(0, 5)_delta",0.015918311264662956,0.7382074279773811,0.0,CL3,"(0, 5)",delta
Control,Creativity,"CL3_(0, 5)_delta",0.008439061741846415,0.8598794525401848,0.0,CL3,"(0, 5)",delta
Haiku,Aesthetic_Appeal,"CL3_(0, 5)_lower gamma",-0.16044957338530227,0.28287587152439186,0.0,CL3,"(0, 5)",lower gamma
Haiku,Vivid_Imagery,"CL3_(0, 5)_lower gamma",-0.05850015588301506,0.50096847882113,0.0,CL3,"(0, 5)",lower gamma
Haiku,Moved,"CL3_(0, 5)_lower gamma",-0.1503979130720152,0.3141405025823455,0.0,CL3,"(0, 5)",lower gamma
Haiku,Originality,"CL3_(0, 5)_lower gamma",0.18371680525286968,0.22334513102382092,0.0,CL3,"(0, 5)",lower gamma
Haiku,Creativity,"CL3_(0, 5)_lower gamma",-0.06886485664875987,0.6437696146853151,0.0,CL3,"(0, 5)",lower gamma
Senryu,Aesthetic_Appeal,"CL3_(0, 5)_lower gamma",-0.16683149785652707,0.2698161785186155,0.0,CL3,"(0, 5)",lower gamma
Senryu,Vivid_Imagery,"CL3_(0, 5)_lower gamma",-0.40672535809690125,0.007715482459203816,-0.40672535809690125,CL3,"(0, 5)",lower gamma
Senryu,Moved,"CL3_(0, 5)_lower gamma",-0.0818133906925157,0.3499926576764355,0.0,CL3,"(0, 5)",lower gamma
Senryu,Originality,"CL3_(0, 5)_lower gamma",-0.32730410517029684,0.0322611995343981,-0.32730410517029684,CL3,"(0, 5)",lower gamma
Senryu,Creativity,"CL3_(0, 5)_lower gamma",-0.2581751706797166,0.08775080869340209,0.0,CL3,"(0, 5)",lower gamma
Control,Aesthetic_Appeal,"CL3_(0, 5)_lower gamma",0.01936641356823385,0.821839419735371,0.0,CL3,"(0, 5)",lower gamma
Control,Vivid_Imagery,"CL3_(0, 5)_lower gamma",-0.008396034200357312,0.9214452933497084,0.0,CL3,"(0, 5)",lower gamma
Control,Moved,"CL3_(0, 5)_lower gamma",0.10153256934735176,0.2462677801083175,0.0,CL3,"(0, 5)",lower gamma
Control,Originality,"CL3_(0, 5)_lower gamma",0.15343517838412593,0.07759384746830177,0.0,CL3,"(0, 5)",lower gamma
Control,Creativity,"CL3_(0, 5)_lower gamma",0.05927578944793513,0.49738325106747394,0.0,CL3,"(0, 5)",lower gamma
Haiku,Aesthetic_Appeal,"CL3_(0, 5)_theta",0.09623523066243495,0.24315014671669233,0.0,CL3,"(0, 5)",theta
Haiku,Vivid_Imagery,"CL3_(0, 5)_theta",0.11894487776401846,0.01323444927790661,0.11894487776401846,CL3,"(0, 5)",theta
Haiku,Moved,"CL3_(0, 5)_theta",0.21166933375171731,0.009434145543729499,0.21166933375171731,CL3,"(0, 5)",theta
Haiku,Originality,"CL3_(0, 5)_theta",0.009119734302694731,0.9111502899888916,0.0,CL3,"(0, 5)",theta
Haiku,Creativity,"CL3_(0, 5)_theta",0.044767320376828415,0.5834593543100101,0.0,CL3,"(0, 5)",theta
Senryu,Aesthetic_Appeal,"CL3_(0, 5)_theta",0.17698358608076037,0.018834530560315976,0.17698358608076037,CL3,"(0, 5)",theta
Senryu,Vivid_Imagery,"CL3_(0, 5)_theta",0.13868028910989827,0.06702493406386795,0.0,CL3,"(0, 5)",theta
Senryu,Moved,"CL3_(0, 5)_theta",0.08465891805665413,0.04968585099066913,0.08465891805665413,CL3,"(0, 5)",theta
Senryu,Originality,"CL3_(0, 5)_theta",0.0511129949004433,0.4862287646968083,0.0,CL3,"(0, 5)",theta
Senryu,Creativity,"CL3_(0, 5)_theta",0.11406310302917536,0.12169259218986012,0.0,CL3,"(0, 5)",theta
Control,Aesthetic_Appeal,"CL3_(0, 5)_theta",0.061534558014742856,0.19843729074902527,0.0,CL3,"(0, 5)",theta
Control,Vivid_Imagery,"CL3_(0, 5)_theta",0.045795561137350456,0.33355698533333145,0.0,CL3,"(0, 5)",theta
Control,Moved,"CL3_(0, 5)_theta",0.06027144355945341,0.2144024398635198,0.0,CL3,"(0, 5)",theta
Control,Originality,"CL3_(0, 5)_theta",-0.0627574429666528,0.19492287969239563,0.0,CL3,"(0, 5)",theta
Control,Creativity,"CL3_(0, 5)_theta",-0.06942619818086286,0.15360287076131746,0.0,CL3,"(0, 5)",theta
Haiku,Aesthetic_Appeal,"CL3_(5, 10)_alpha",-0.17921079434702783,0.07363199652128405,0.0,CL3,"(5, 10)",alpha
Haiku,Vivid_Imagery,"CL3_(5, 10)_alpha",-0.12542802433558822,0.03197181570563144,-0.12542802433558822,CL3,"(5, 10)",alpha
Haiku,Moved,"CL3_(5, 10)_alpha",-0.04873201602931455,0.6272509018298259,0.0,CL3,"(5, 10)",alpha
Haiku,Originality,"CL3_(5, 10)_alpha",-0.34565278480746076,0.0006258582099656799,-0.34565278480746076,CL3,"(5, 10)",alpha
Haiku,Creativity,"CL3_(5, 10)_alpha",-0.23663662610528371,0.01817745376516841,-0.23663662610528371,CL3,"(5, 10)",alpha
Senryu,Aesthetic_Appeal,"CL3_(5, 10)_alpha",0.23213429942370098,0.023905716920266693,0.23213429942370098,CL3,"(5, 10)",alpha
Senryu,Vivid_Imagery,"CL3_(5, 10)_alpha",-0.00485428682062682,0.9622071264928554,0.0,CL3,"(5, 10)",alpha
Senryu,Moved,"CL3_(5, 10)_alpha",0.10917912678123448,0.0665980123198308,0.0,CL3,"(5, 10)",alpha
Senryu,Originality,"CL3_(5, 10)_alpha",-0.08303188669861196,0.41946653097313813,0.0,CL3,"(5, 10)",alpha
Senryu,Creativity,"CL3_(5, 10)_alpha",0.00479357647558213,0.9626496643663035,0.0,CL3,"(5, 10)",alpha
Control,Aesthetic_Appeal,"CL3_(5, 10)_alpha",0.112755060688059,0.061278942482972776,0.0,CL3,"(5, 10)",alpha
Control,Vivid_Imagery,"CL3_(5, 10)_alpha",0.1438899229724351,0.01577990546847814,0.1438899229724351,CL3,"(5, 10)",alpha
Control,Moved,"CL3_(5, 10)_alpha",0.13669629346368722,0.02650533683853473,0.13669629346368722,CL3,"(5, 10)",alpha
Control,Originality,"CL3_(5, 10)_alpha",0.06979048829045241,0.25165461259642563,0.0,CL3,"(5, 10)",alpha
Control,Creativity,"CL3_(5, 10)_alpha",0.09886160672342142,0.10643968093510128,0.0,CL3,"(5, 10)",alpha
Haiku,Aesthetic_Appeal,"CL3_(5, 10)_beta",0.38978672022553057,0.0008418177102559355,0.38978672022553057,CL3,"(5, 10)",beta
Haiku,Vivid_Imagery,"CL3_(5, 10)_beta",0.21093920339116837,0.0019265797827308082,0.21093920339116837,CL3,"(5, 10)",beta
Haiku,Moved,"CL3_(5, 10)_beta",0.2526125100752527,0.03238935947427366,0.2526125100752527,CL3,"(5, 10)",beta
Haiku,Originality,"CL3_(5, 10)_beta",0.4531847435239841,0.00014256911421584126,0.4531847435239841,CL3,"(5, 10)",beta
Haiku,Creativity,"CL3_(5, 10)_beta",0.4856373815021216,3.6126414732059147e-05,0.4856373815021216,CL3,"(5, 10)",beta
Senryu,Aesthetic_Appeal,"CL3_(5, 10)_beta",0.058035275897789916,0.6148980122454863,0.0,CL3,"(5, 10)",beta
Senryu,Vivid_Imagery,"CL3_(5, 10)_beta",0.035722471420134995,0.7639558683915125,0.0,CL3,"(5, 10)",beta
Senryu,Moved,"CL3_(5, 10)_beta",0.032754874378647346,0.6245125808891503,0.0,CL3,"(5, 10)",beta
Senryu,Originality,"CL3_(5, 10)_beta",0.18972171730117035,0.10437862050562335,0.0,CL3,"(5, 10)",beta
Senryu,Creativity,"CL3_(5, 10)_beta",0.1305405699328757,0.25905474634610715,0.0,CL3,"(5, 10)",beta
Control,Aesthetic_Appeal,"CL3_(5, 10)_beta",0.07956694887933484,0.29091468333287074,0.0,CL3,"(5, 10)",beta
Control,Vivid_Imagery,"CL3_(5, 10)_beta",0.09213280506254111,0.2159989287210362,0.0,CL3,"(5, 10)",beta
Control,Moved,"CL3_(5, 10)_beta",0.1652822680567615,0.031607570057645994,0.1652822680567615,CL3,"(5, 10)",beta
Control,Originality,"CL3_(5, 10)_beta",0.15071803960744318,0.04855110727956962,0.15071803960744318,CL3,"(5, 10)",beta
Control,Creativity,"CL3_(5, 10)_beta",0.1705496838506473,0.026266397368260253,0.1705496838506473,CL3,"(5, 10)",beta
Haiku,Aesthetic_Appeal,"CL3_(5, 10)_delta",-0.203866628769839,0.007565682550730525,-0.203866628769839,CL3,"(5, 10)",delta
Haiku,Vivid_Imagery,"CL3_(5, 10)_delta",0.003253372470982717,0.9418341899574655,0.0,CL3,"(5, 10)",delta
Haiku,Moved,"CL3_(5, 10)_delta",-0.029186399879468212,0.702428494271043,0.0,CL3,"(5, 10)",delta
Haiku,Originality,"CL3_(5, 10)_delta",-0.07302203470012948,0.3425714109967407,0.0,CL3,"(5, 10)",delta
Haiku,Creativity,"CL3_(5, 10)_delta",-0.15832520550629434,0.03844534614384569,-0.15832520550629434,CL3,"(5, 10)",delta
Senryu,Aesthetic_Appeal,"CL3_(5, 10)_delta",-0.1565879134751718,0.056587813392459364,0.0,CL3,"(5, 10)",delta
Senryu,Vivid_Imagery,"CL3_(5, 10)_delta",-0.0802220569802227,0.3166794371718519,0.0,CL3,"(5, 10)",delta
Senryu,Moved,"CL3_(5, 10)_delta",-0.02055975072675333,0.6546820000765625,0.0,CL3,"(5, 10)",delta
Senryu,Originality,"CL3_(5, 10)_delta",0.01327458459687372,0.8635836184972179,0.0,CL3,"(5, 10)",delta
Senryu,Creativity,"CL3_(5, 10)_delta",-0.015980910983746474,0.8364140584296872,0.0,CL3,"(5, 10)",delta
Control,Aesthetic_Appeal,"CL3_(5, 10)_delta",0.08927765886255166,0.06838593601335535,0.0,CL3,"(5, 10)",delta
Control,Vivid_Imagery,"CL3_(5, 10)_delta",0.0136160447914093,0.7799404268087475,0.0,CL3,"(5, 10)",delta
Control,Moved,"CL3_(5, 10)_delta",0.07892370939462699,0.11306067725874216,0.0,CL3,"(5, 10)",delta
Control,Originality,"CL3_(5, 10)_delta",0.05155572997181664,0.2998753180451075,0.0,CL3,"(5, 10)",delta
Control,Creativity,"CL3_(5, 10)_delta",0.07969426096515585,0.11066414989862569,0.0,CL3,"(5, 10)",delta
Haiku,Aesthetic_Appeal,"CL3_(5, 10)_lower gamma",-0.12611056898783293,0.32522832674679647,0.0,CL3,"(5, 10)",lower gamma
Haiku,Vivid_Imagery,"CL3_(5, 10)_lower gamma",-0.07401000991919583,0.32388061790057887,0.0,CL3,"(5, 10)",lower gamma
Haiku,Moved,"CL3_(5, 10)_lower gamma",-0.2587871359784588,0.04466600909917069,-0.2587871359784588,CL3,"(5, 10)",lower gamma
Haiku,Originality,"CL3_(5, 10)_lower gamma",-0.16624640343952976,0.20359641917374705,0.0,CL3,"(5, 10)",lower gamma
Haiku,Creativity,"CL3_(5, 10)_lower gamma",-0.2120876458871707,0.1011400743463214,0.0,CL3,"(5, 10)",lower gamma
Senryu,Aesthetic_Appeal,"CL3_(5, 10)_lower gamma",-0.22900655017699506,0.07361883709399682,0.0,CL3,"(5, 10)",lower gamma
Senryu,Vivid_Imagery,"CL3_(5, 10)_lower gamma",0.08248523032276212,0.5243314596269271,0.0,CL3,"(5, 10)",lower gamma
Senryu,Moved,"CL3_(5, 10)_lower gamma",-0.14590504650869268,0.04821332934999364,-0.14590504650869268,CL3,"(5, 10)",lower gamma
Senryu,Originality,"CL3_(5, 10)_lower gamma",-0.1548321852245167,0.22834179912222174,0.0,CL3,"(5, 10)",lower gamma
Senryu,Creativity,"CL3_(5, 10)_lower gamma",-0.17368755455579007,0.16934261227424907,0.0,CL3,"(5, 10)",lower gamma
Control,Aesthetic_Appeal,"CL3_(5, 10)_lower gamma",-0.028842803081156738,0.711317679738965,0.0,CL3,"(5, 10)",lower gamma
Control,Vivid_Imagery,"CL3_(5, 10)_lower gamma",0.04357415387154669,0.5719300533674856,0.0,CL3,"(5, 10)",lower gamma
Control,Moved,"CL3_(5, 10)_lower gamma",-0.17213307857747684,0.030681026648405704,-0.17213307857747684,CL3,"(5, 10)",lower gamma
Control,Originality,"CL3_(5, 10)_lower gamma",-0.07469801756081887,0.3434863839852095,0.0,CL3,"(5, 10)",lower gamma
Control,Creativity,"CL3_(5, 10)_lower gamma",-0.12846322028276014,0.10561874093964835,0.0,CL3,"(5, 10)",lower gamma
Haiku,Aesthetic_Appeal,"CL3_(5, 10)_theta",0.20001472947858395,0.015489789800333689,0.20001472947858395,CL3,"(5, 10)",theta
Haiku,Vivid_Imagery,"CL3_(5, 10)_theta",0.10594166961085962,0.026688116941739164,0.10594166961085962,CL3,"(5, 10)",theta
Haiku,Moved,"CL3_(5, 10)_theta",0.20752460618609153,0.011525290964127466,0.20752460618609153,CL3,"(5, 10)",theta
Haiku,Originality,"CL3_(5, 10)_theta",0.1001595388819222,0.22121870594644633,0.0,CL3,"(5, 10)",theta
Haiku,Creativity,"CL3_(5, 10)_theta",0.08781011414197788,0.2829543728235837,0.0,CL3,"(5, 10)",theta
Senryu,Aesthetic_Appeal,"CL3_(5, 10)_theta",-0.018092694372542743,0.8144178873445638,0.0,CL3,"(5, 10)",theta
Senryu,Vivid_Imagery,"CL3_(5, 10)_theta",0.03380989214259799,0.6617408886501757,0.0,CL3,"(5, 10)",theta
Senryu,Moved,"CL3_(5, 10)_theta",-0.01849455706362214,0.678395612572585,0.0,CL3,"(5, 10)",theta
Senryu,Originality,"CL3_(5, 10)_theta",-0.100100168578858,0.186208674939503,0.0,CL3,"(5, 10)",theta
Senryu,Creativity,"CL3_(5, 10)_theta",-0.07711233605819605,0.30549639574455134,0.0,CL3,"(5, 10)",theta
Control,Aesthetic_Appeal,"CL3_(5, 10)_theta",0.06607589526993524,0.16046648377442008,0.0,CL3,"(5, 10)",theta
Control,Vivid_Imagery,"CL3_(5, 10)_theta",0.0758179394147725,0.10292844354158201,0.0,CL3,"(5, 10)",theta
Control,Moved,"CL3_(5, 10)_theta",0.04459664999390648,0.35224068438749134,0.0,CL3,"(5, 10)",theta
Control,Originality,"CL3_(5, 10)_theta",-0.01913595592123692,0.6883796756477139,0.0,CL3,"(5, 10)",theta
Control,Creativity,"CL3_(5, 10)_theta",-0.036261376632412835,0.4501435587175918,0.0,CL3,"(5, 10)",theta
Haiku,Aesthetic_Appeal,"CL4_(-4, 0)_alpha",0.42615725784561437,0.0012616995566645877,0.42615725784561437,CL4,"(-4, 0)",alpha
Haiku,Vivid_Imagery,"CL4_(-4, 0)_alpha",0.13359963435914982,0.07943611961629143,0.0,CL4,"(-4, 0)",alpha
Haiku,Moved,"CL4_(-4, 0)_alpha",0.1768496884905137,0.1777740860783431,0.0,CL4,"(-4, 0)",alpha
Haiku,Originality,"CL4_(-4, 0)_alpha",0.2468344323261068,0.06190366864620324,0.0,CL4,"(-4, 0)",alpha
Haiku,Creativity,"CL4_(-4, 0)_alpha",0.3755617628360546,0.0041177090445734124,0.3755617628360546,CL4,"(-4, 0)",alpha
Senryu,Aesthetic_Appeal,"CL4_(-4, 0)_alpha",0.2779966192469805,0.013397832138158986,0.2779966192469805,CL4,"(-4, 0)",alpha
Senryu,Vivid_Imagery,"CL4_(-4, 0)_alpha",-0.02321818819541392,0.833310122450708,0.0,CL4,"(-4, 0)",alpha
Senryu,Moved,"CL4_(-4, 0)_alpha",0.0620111781587227,0.33159098685231125,0.0,CL4,"(-4, 0)",alpha
Senryu,Originality,"CL4_(-4, 0)_alpha",-0.037759369235600006,0.7339741232647238,0.0,CL4,"(-4, 0)",alpha
Senryu,Creativity,"CL4_(-4, 0)_alpha",0.11657843555563185,0.29360680084405544,0.0,CL4,"(-4, 0)",alpha
Control,Aesthetic_Appeal,"CL4_(-4, 0)_alpha",-0.07052599980722282,0.3112269803603034,0.0,CL4,"(-4, 0)",alpha
Control,Vivid_Imagery,"CL4_(-4, 0)_alpha",-0.01552515513701944,0.8217119309332901,0.0,CL4,"(-4, 0)",alpha
Control,Moved,"CL4_(-4, 0)_alpha",-0.0015554359677991837,0.9825859439305109,0.0,CL4,"(-4, 0)",alpha
Control,Originality,"CL4_(-4, 0)_alpha",0.11285756289222564,0.10964398159512694,0.0,CL4,"(-4, 0)",alpha
Control,Creativity,"CL4_(-4, 0)_alpha",0.14059590966587818,0.04827133694514496,0.14059590966587818,CL4,"(-4, 0)",alpha
Haiku,Aesthetic_Appeal,"CL4_(-4, 0)_beta",-0.12225944142957347,0.4850385275427651,0.0,CL4,"(-4, 0)",beta
Haiku,Vivid_Imagery,"CL4_(-4, 0)_beta",-0.0849420033527421,0.40697568010010177,0.0,CL4,"(-4, 0)",beta
Haiku,Moved,"CL4_(-4, 0)_beta",-0.07007955448570073,0.6887710011200305,0.0,CL4,"(-4, 0)",beta
Haiku,Originality,"CL4_(-4, 0)_beta",0.13078865097143771,0.455429955829741,0.0,CL4,"(-4, 0)",beta
Haiku,Creativity,"CL4_(-4, 0)_beta",0.12406358168513343,0.47687282934383146,0.0,CL4,"(-4, 0)",beta
Senryu,Aesthetic_Appeal,"CL4_(-4, 0)_beta",0.1873564981008759,0.20633724640268103,0.0,CL4,"(-4, 0)",beta
Senryu,Vivid_Imagery,"CL4_(-4, 0)_beta",-0.0169982722740268,0.9094903449353682,0.0,CL4,"(-4, 0)",beta
Senryu,Moved,"CL4_(-4, 0)_beta",-0.05447241948081823,0.5203114845183976,0.0,CL4,"(-4, 0)",beta
Senryu,Originality,"CL4_(-4, 0)_beta",0.20252528836343683,0.17211220378442427,0.0,CL4,"(-4, 0)",beta
Senryu,Creativity,"CL4_(-4, 0)_beta",0.3321303551315567,0.024066007766176508,0.3321303551315567,CL4,"(-4, 0)",beta
Control,Aesthetic_Appeal,"CL4_(-4, 0)_beta",-0.006995570218850828,0.9389663975241854,0.0,CL4,"(-4, 0)",beta
Control,Vivid_Imagery,"CL4_(-4, 0)_beta",0.05778935742567589,0.5232193922587971,0.0,CL4,"(-4, 0)",beta
Control,Moved,"CL4_(-4, 0)_beta",-0.0447540563726825,0.6318394749555121,0.0,CL4,"(-4, 0)",beta
Control,Originality,"CL4_(-4, 0)_beta",-0.06022989130780604,0.5165008547213452,0.0,CL4,"(-4, 0)",beta
Control,Creativity,"CL4_(-4, 0)_beta",-0.06731942870268286,0.4719719371194083,0.0,CL4,"(-4, 0)",beta
Haiku,Aesthetic_Appeal,"CL4_(-4, 0)_delta",-0.033647175552826085,0.716202449410356,0.0,CL4,"(-4, 0)",delta
Haiku,Vivid_Imagery,"CL4_(-4, 0)_delta",0.08408345166015374,0.11189709388089426,0.0,CL4,"(-4, 0)",delta
Haiku,Moved,"CL4_(-4, 0)_delta",0.16267210991502554,0.07346806204747552,0.0,CL4,"(-4, 0)",delta
Haiku,Originality,"CL4_(-4, 0)_delta",0.05189050901594118,0.563131061640405,0.0,CL4,"(-4, 0)",delta
Haiku,Creativity,"CL4_(-4, 0)_delta",0.11746847478024977,0.19219046221941927,0.0,CL4,"(-4, 0)",delta
Senryu,Aesthetic_Appeal,"CL4_(-4, 0)_delta",-0.1654277620364885,0.057759297998495336,0.0,CL4,"(-4, 0)",delta
Senryu,Vivid_Imagery,"CL4_(-4, 0)_delta",-0.011247135715159966,0.8983378973361902,0.0,CL4,"(-4, 0)",delta
Senryu,Moved,"CL4_(-4, 0)_delta",-0.06671085465241383,0.1823367760199579,0.0,CL4,"(-4, 0)",delta
Senryu,Originality,"CL4_(-4, 0)_delta",-0.008313333997889298,0.9237194352825623,0.0,CL4,"(-4, 0)",delta
Senryu,Creativity,"CL4_(-4, 0)_delta",0.03134014836549354,0.7158987494593858,0.0,CL4,"(-4, 0)",delta
Control,Aesthetic_Appeal,"CL4_(-4, 0)_delta",-0.07001950612419972,0.2245201583001094,0.0,CL4,"(-4, 0)",delta
Control,Vivid_Imagery,"CL4_(-4, 0)_delta",-0.0777071816816604,0.1687566639871072,0.0,CL4,"(-4, 0)",delta
Control,Moved,"CL4_(-4, 0)_delta",-0.0839451243607587,0.15368232954011815,0.0,CL4,"(-4, 0)",delta
Control,Originality,"CL4_(-4, 0)_delta",-0.09942617115018945,0.08727983133850188,0.0,CL4,"(-4, 0)",delta
Control,Creativity,"CL4_(-4, 0)_delta",-0.10913803046236754,0.06484511620885508,0.0,CL4,"(-4, 0)",delta
Haiku,Aesthetic_Appeal,"CL4_(-4, 0)_lower gamma",0.1844655442164489,0.2141801104893959,0.0,CL4,"(-4, 0)",lower gamma
Haiku,Vivid_Imagery,"CL4_(-4, 0)_lower gamma",0.05596505612976051,0.5140150121205084,0.0,CL4,"(-4, 0)",lower gamma
Haiku,Moved,"CL4_(-4, 0)_lower gamma",0.10195146631118238,0.48403500685020073,0.0,CL4,"(-4, 0)",lower gamma
Haiku,Originality,"CL4_(-4, 0)_lower gamma",-0.05101097249196644,0.7314983086908606,0.0,CL4,"(-4, 0)",lower gamma
Haiku,Creativity,"CL4_(-4, 0)_lower gamma",0.08919175398652307,0.5458524213166156,0.0,CL4,"(-4, 0)",lower gamma
Senryu,Aesthetic_Appeal,"CL4_(-4, 0)_lower gamma",0.04062458980012872,0.7655026369816356,0.0,CL4,"(-4, 0)",lower gamma
Senryu,Vivid_Imagery,"CL4_(-4, 0)_lower gamma",0.06189584549245328,0.6553790422955309,0.0,CL4,"(-4, 0)",lower gamma
Senryu,Moved,"CL4_(-4, 0)_lower gamma",-0.06420982780430808,0.41490492800608714,0.0,CL4,"(-4, 0)",lower gamma
Senryu,Originality,"CL4_(-4, 0)_lower gamma",-0.24731658459761915,0.07574849447799611,0.0,CL4,"(-4, 0)",lower gamma
Senryu,Creativity,"CL4_(-4, 0)_lower gamma",-0.14181557220575236,0.303644402207633,0.0,CL4,"(-4, 0)",lower gamma
Control,Aesthetic_Appeal,"CL4_(-4, 0)_lower gamma",-0.03282800294876952,0.6860940344457057,0.0,CL4,"(-4, 0)",lower gamma
Control,Vivid_Imagery,"CL4_(-4, 0)_lower gamma",-0.02739471763254255,0.7325655876941827,0.0,CL4,"(-4, 0)",lower gamma
Control,Moved,"CL4_(-4, 0)_lower gamma",0.005732279492559657,0.9446884554308665,0.0,CL4,"(-4, 0)",lower gamma
Control,Originality,"CL4_(-4, 0)_lower gamma",-0.07690264401460566,0.35082065893509284,0.0,CL4,"(-4, 0)",lower gamma
Control,Creativity,"CL4_(-4, 0)_lower gamma",-0.019067522293551867,0.8180738097355017,0.0,CL4,"(-4, 0)",lower gamma
Haiku,Aesthetic_Appeal,"CL4_(-4, 0)_theta",-0.05777445743791305,0.6130792066204724,0.0,CL4,"(-4, 0)",theta
Haiku,Vivid_Imagery,"CL4_(-4, 0)_theta",-0.05932967873023071,0.3723137757792583,0.0,CL4,"(-4, 0)",theta
Haiku,Moved,"CL4_(-4, 0)_theta",-0.108925176230957,0.3364871660050447,0.0,CL4,"(-4, 0)",theta
Haiku,Originality,"CL4_(-4, 0)_theta",-0.1497191843270732,0.1931499128494366,0.0,CL4,"(-4, 0)",theta
Haiku,Creativity,"CL4_(-4, 0)_theta",-0.28377034877993285,0.013825958429481006,-0.28377034877993285,CL4,"(-4, 0)",theta
Senryu,Aesthetic_Appeal,"CL4_(-4, 0)_theta",0.09185282620748056,0.27388459373650664,0.0,CL4,"(-4, 0)",theta
Senryu,Vivid_Imagery,"CL4_(-4, 0)_theta",0.05757543991742317,0.4837321076481639,0.0,CL4,"(-4, 0)",theta
Senryu,Moved,"CL4_(-4, 0)_theta",0.053287477125878634,0.2649276438854443,0.0,CL4,"(-4, 0)",theta
Senryu,Originality,"CL4_(-4, 0)_theta",0.053362204557531365,0.51881929357007,0.0,CL4,"(-4, 0)",theta
Senryu,Creativity,"CL4_(-4, 0)_theta",-0.02960332038955821,0.7204199113057836,0.0,CL4,"(-4, 0)",theta
Control,Aesthetic_Appeal,"CL4_(-4, 0)_theta",-0.0480892079560929,0.3574661480200747,0.0,CL4,"(-4, 0)",theta
Control,Vivid_Imagery,"CL4_(-4, 0)_theta",-0.07545783106521062,0.14000815197614455,0.0,CL4,"(-4, 0)",theta
Control,Moved,"CL4_(-4, 0)_theta",-0.06457431738248678,0.2271427893453517,0.0,CL4,"(-4, 0)",theta
Control,Originality,"CL4_(-4, 0)_theta",0.018208251528660672,0.7298030707339954,0.0,CL4,"(-4, 0)",theta
Control,Creativity,"CL4_(-4, 0)_theta",-0.028575092558571522,0.5923951296927774,0.0,CL4,"(-4, 0)",theta
Haiku,Aesthetic_Appeal,"CL4_(0, 5)_alpha",-0.07910217414723111,0.5090401139358862,0.0,CL4,"(0, 5)",alpha
Haiku,Vivid_Imagery,"CL4_(0, 5)_alpha",-0.025675237323266657,0.7140320364467798,0.0,CL4,"(0, 5)",alpha
Haiku,Moved,"CL4_(0, 5)_alpha",0.0757413394353241,0.5327212521233764,0.0,CL4,"(0, 5)",alpha
Haiku,Originality,"CL4_(0, 5)_alpha",-0.0005040198451602795,0.9966527211494253,0.0,CL4,"(0, 5)",alpha
Haiku,Creativity,"CL4_(0, 5)_alpha",-0.016098930218753034,0.893048624487174,0.0,CL4,"(0, 5)",alpha
Senryu,Aesthetic_Appeal,"CL4_(0, 5)_alpha",0.13871601096937317,0.28505761342530855,0.0,CL4,"(0, 5)",alpha
Senryu,Vivid_Imagery,"CL4_(0, 5)_alpha",0.1898665081848422,0.14480179043111063,0.0,CL4,"(0, 5)",alpha
Senryu,Moved,"CL4_(0, 5)_alpha",0.2596179030290793,0.0005141325240242359,0.2596179030290793,CL4,"(0, 5)",alpha
Senryu,Originality,"CL4_(0, 5)_alpha",0.18218349914935805,0.16230812745106693,0.0,CL4,"(0, 5)",alpha
Senryu,Creativity,"CL4_(0, 5)_alpha",0.21050094626079507,0.10336346113192564,0.0,CL4,"(0, 5)",alpha
Control,Aesthetic_Appeal,"CL4_(0, 5)_alpha",0.11887633813312075,0.10793439854058602,0.0,CL4,"(0, 5)",alpha
Control,Vivid_Imagery,"CL4_(0, 5)_alpha",0.026403268422630747,0.7183332335057018,0.0,CL4,"(0, 5)",alpha
Control,Moved,"CL4_(0, 5)_alpha",0.18658864631424713,0.013758405526571373,0.18658864631424713,CL4,"(0, 5)",alpha
Control,Originality,"CL4_(0, 5)_alpha",0.24896603394462943,0.0009149615536265539,0.24896603394462943,CL4,"(0, 5)",alpha
Control,Creativity,"CL4_(0, 5)_alpha",0.26041351307833005,0.0005675676917648178,0.26041351307833005,CL4,"(0, 5)",alpha
Haiku,Aesthetic_Appeal,"CL4_(0, 5)_beta",-0.0005622184709743335,0.99755156126587,0.0,CL4,"(0, 5)",beta
Haiku,Vivid_Imagery,"CL4_(0, 5)_beta",-0.05683177578897666,0.5960247955999891,0.0,CL4,"(0, 5)",beta
Haiku,Moved,"CL4_(0, 5)_beta",-0.37816287248613645,0.03688338071798688,-0.37816287248613645,CL4,"(0, 5)",beta
Haiku,Originality,"CL4_(0, 5)_beta",-0.5939066257705853,0.0011342703377632197,-0.5939066257705853,CL4,"(0, 5)",beta
Haiku,Creativity,"CL4_(0, 5)_beta",-0.25483392083658074,0.16100497498719746,0.0,CL4,"(0, 5)",beta
Senryu,Aesthetic_Appeal,"CL4_(0, 5)_beta",-0.22405194675755202,0.211823933664552,0.0,CL4,"(0, 5)",beta
Senryu,Vivid_Imagery,"CL4_(0, 5)_beta",-0.25963747934292924,0.15118600227048026,0.0,CL4,"(0, 5)",beta
Senryu,Moved,"CL4_(0, 5)_beta",-0.20301336569889855,0.049877045419719865,-0.20301336569889855,CL4,"(0, 5)",beta
Senryu,Originality,"CL4_(0, 5)_beta",-0.24229496505399656,0.1822447249287944,0.0,CL4,"(0, 5)",beta
Senryu,Creativity,"CL4_(0, 5)_beta",-0.12033704515813784,0.5018025916167339,0.0,CL4,"(0, 5)",beta
Control,Aesthetic_Appeal,"CL4_(0, 5)_beta",-0.21749180995429906,0.04840907290087857,-0.21749180995429906,CL4,"(0, 5)",beta
Control,Vivid_Imagery,"CL4_(0, 5)_beta",0.049588180282635834,0.6490052241001236,0.0,CL4,"(0, 5)",beta
Control,Moved,"CL4_(0, 5)_beta",-0.17264185708620836,0.12419299833558058,0.0,CL4,"(0, 5)",beta
Control,Originality,"CL4_(0, 5)_beta",-0.234580445656705,0.035911245968139514,-0.234580445656705,CL4,"(0, 5)",beta
Control,Creativity,"CL4_(0, 5)_beta",-0.21164048682784584,0.060120031533745816,0.0,CL4,"(0, 5)",beta
Haiku,Aesthetic_Appeal,"CL4_(0, 5)_delta",0.05404571003175486,0.5354815944906262,0.0,CL4,"(0, 5)",delta
Haiku,Vivid_Imagery,"CL4_(0, 5)_delta",0.0019175511035427013,0.9699370537541344,0.0,CL4,"(0, 5)",delta
Haiku,Moved,"CL4_(0, 5)_delta",-0.03963675260006646,0.6467097802466357,0.0,CL4,"(0, 5)",delta
Haiku,Originality,"CL4_(0, 5)_delta",-0.05929981075640771,0.4983901728959005,0.0,CL4,"(0, 5)",delta
Haiku,Creativity,"CL4_(0, 5)_delta",-0.03754068055231986,0.6638718144186094,0.0,CL4,"(0, 5)",delta
Senryu,Aesthetic_Appeal,"CL4_(0, 5)_delta",-0.15909074401704462,0.11416482239089529,0.0,CL4,"(0, 5)",delta
Senryu,Vivid_Imagery,"CL4_(0, 5)_delta",-0.14386067065096975,0.14846608981992443,0.0,CL4,"(0, 5)",delta
Senryu,Moved,"CL4_(0, 5)_delta",-0.08058676013200895,0.15895849420100394,0.0,CL4,"(0, 5)",delta
Senryu,Originality,"CL4_(0, 5)_delta",-0.13894955771498949,0.16041985704516193,0.0,CL4,"(0, 5)",delta
Senryu,Creativity,"CL4_(0, 5)_delta",-0.13205161604074506,0.181721856351024,0.0,CL4,"(0, 5)",delta
Control,Aesthetic_Appeal,"CL4_(0, 5)_delta",-0.152215895482414,0.005944859667013929,-0.152215895482414,CL4,"(0, 5)",delta
Control,Vivid_Imagery,"CL4_(0, 5)_delta",-0.013310230861870184,0.8058912572422283,0.0,CL4,"(0, 5)",delta
Control,Moved,"CL4_(0, 5)_delta",-0.14398313934807686,0.011235848032980755,-0.14398313934807686,CL4,"(0, 5)",delta
Control,Originality,"CL4_(0, 5)_delta",-0.08924027649910547,0.10998857678012584,0.0,CL4,"(0, 5)",delta
Control,Creativity,"CL4_(0, 5)_delta",-0.1260534965908039,0.02671140023142717,-0.1260534965908039,CL4,"(0, 5)",delta
Haiku,Aesthetic_Appeal,"CL4_(0, 5)_lower gamma",0.12153654352147848,0.47293802019643205,0.0,CL4,"(0, 5)",lower gamma
Haiku,Vivid_Imagery,"CL4_(0, 5)_lower gamma",0.021654805883374564,0.8265747617061547,0.0,CL4,"(0, 5)",lower gamma
Haiku,Moved,"CL4_(0, 5)_lower gamma",0.1446263227428032,0.3879400066239359,0.0,CL4,"(0, 5)",lower gamma
Haiku,Originality,"CL4_(0, 5)_lower gamma",0.4446828697956531,0.00973716830632021,0.4446828697956531,CL4,"(0, 5)",lower gamma
Haiku,Creativity,"CL4_(0, 5)_lower gamma",0.1611683000709931,0.3462499599118214,0.0,CL4,"(0, 5)",lower gamma
Senryu,Aesthetic_Appeal,"CL4_(0, 5)_lower gamma",0.014178357785816007,0.9336644925183205,0.0,CL4,"(0, 5)",lower gamma
Senryu,Vivid_Imagery,"CL4_(0, 5)_lower gamma",0.10276764911452445,0.5471580227056949,0.0,CL4,"(0, 5)",lower gamma
Senryu,Moved,"CL4_(0, 5)_lower gamma",0.1718251447425219,0.07813786489124751,0.0,CL4,"(0, 5)",lower gamma
Senryu,Originality,"CL4_(0, 5)_lower gamma",0.07273104706904082,0.6790782082863115,0.0,CL4,"(0, 5)",lower gamma
Senryu,Creativity,"CL4_(0, 5)_lower gamma",-0.029336530414950237,0.8654342896107768,0.0,CL4,"(0, 5)",lower gamma
Control,Aesthetic_Appeal,"CL4_(0, 5)_lower gamma",-0.20051267779059173,0.04306664499161609,-0.20051267779059173,CL4,"(0, 5)",lower gamma
Control,Vivid_Imagery,"CL4_(0, 5)_lower gamma",-0.34377028392872894,0.00045828580729887777,-0.34377028392872894,CL4,"(0, 5)",lower gamma
Control,Moved,"CL4_(0, 5)_lower gamma",-0.2122886349583871,0.03556389817712837,-0.2122886349583871,CL4,"(0, 5)",lower gamma
Control,Originality,"CL4_(0, 5)_lower gamma",0.07379267794875646,0.46381218083583464,0.0,CL4,"(0, 5)",lower gamma
Control,Creativity,"CL4_(0, 5)_lower gamma",0.0011411842365490513,0.9910038375932481,0.0,CL4,"(0, 5)",lower gamma
Haiku,Aesthetic_Appeal,"CL4_(0, 5)_theta",0.12174266358347796,0.29693482971816987,0.0,CL4,"(0, 5)",theta
Haiku,Vivid_Imagery,"CL4_(0, 5)_theta",0.05095290824157692,0.45681940473020277,0.0,CL4,"(0, 5)",theta
Haiku,Moved,"CL4_(0, 5)_theta",-0.05672953627482544,0.6284067107711024,0.0,CL4,"(0, 5)",theta
Haiku,Originality,"CL4_(0, 5)_theta",0.3183742787347851,0.006819961879815498,0.3183742787347851,CL4,"(0, 5)",theta
Haiku,Creativity,"CL4_(0, 5)_theta",0.2121697467545412,0.06922627352834972,0.0,CL4,"(0, 5)",theta
Senryu,Aesthetic_Appeal,"CL4_(0, 5)_theta",0.23042998549901372,0.05738558714350043,0.0,CL4,"(0, 5)",theta
Senryu,Vivid_Imagery,"CL4_(0, 5)_theta",0.16302347807283282,0.17804126479381932,0.0,CL4,"(0, 5)",theta
Senryu,Moved,"CL4_(0, 5)_theta",-0.08011900322626292,0.24421425796751972,0.0,CL4,"(0, 5)",theta
Senryu,Originality,"CL4_(0, 5)_theta",0.10022845614937367,0.41276426140248024,0.0,CL4,"(0, 5)",theta
Senryu,Creativity,"CL4_(0, 5)_theta",-0.021566659622640993,0.854505991556102,0.0,CL4,"(0, 5)",theta
Control,Aesthetic_Appeal,"CL4_(0, 5)_theta",-0.06042153580715976,0.35110186583519165,0.0,CL4,"(0, 5)",theta
Control,Vivid_Imagery,"CL4_(0, 5)_theta",-0.16683358379378999,0.009008924936540388,-0.16683358379378999,CL4,"(0, 5)",theta
Control,Moved,"CL4_(0, 5)_theta",-0.08070590237132977,0.22072456704834031,0.0,CL4,"(0, 5)",theta
Control,Originality,"CL4_(0, 5)_theta",-0.058124435450135584,0.3730520812417739,0.0,CL4,"(0, 5)",theta
Control,Creativity,"CL4_(0, 5)_theta",-0.10735350092809698,0.10292763910214356,0.0,CL4,"(0, 5)",theta
Haiku,Aesthetic_Appeal,"CL4_(5, 10)_alpha",-0.020603141380335865,0.8590885086175165,0.0,CL4,"(5, 10)",alpha
Haiku,Vivid_Imagery,"CL4_(5, 10)_alpha",-0.047921627941746966,0.4727003000665684,0.0,CL4,"(5, 10)",alpha
Haiku,Moved,"CL4_(5, 10)_alpha",0.19099930273523102,0.09541602787414039,0.0,CL4,"(5, 10)",alpha
Haiku,Originality,"CL4_(5, 10)_alpha",0.26817581786351835,0.019592976660843055,0.26817581786351835,CL4,"(5, 10)",alpha
Haiku,Creativity,"CL4_(5, 10)_alpha",0.2098481184681675,0.06631515182891673,0.0,CL4,"(5, 10)",alpha
Senryu,Aesthetic_Appeal,"CL4_(5, 10)_alpha",0.07194189611358512,0.538681837119904,0.0,CL4,"(5, 10)",alpha
Senryu,Vivid_Imagery,"CL4_(5, 10)_alpha",0.07817466930694345,0.5001520594427535,0.0,CL4,"(5, 10)",alpha
Senryu,Moved,"CL4_(5, 10)_alpha",0.14188313490612695,0.035444414055000546,0.14188313490612695,CL4,"(5, 10)",alpha
Senryu,Originality,"CL4_(5, 10)_alpha",0.14952612449735062,0.20014783955620785,0.0,CL4,"(5, 10)",alpha
Senryu,Creativity,"CL4_(5, 10)_alpha",-0.05798885825892649,0.6178362702365512,0.0,CL4,"(5, 10)",alpha
Control,Aesthetic_Appeal,"CL4_(5, 10)_alpha",0.17673125335268605,0.017361774516469534,0.17673125335268605,CL4,"(5, 10)",alpha
Control,Vivid_Imagery,"CL4_(5, 10)_alpha",0.11858201822366111,0.10669718538901905,0.0,CL4,"(5, 10)",alpha
Control,Moved,"CL4_(5, 10)_alpha",0.18106735664712723,0.01723138670221533,0.18106735664712723,CL4,"(5, 10)",alpha
Control,Originality,"CL4_(5, 10)_alpha",0.20266359455522281,0.007125068315840194,0.20266359455522281,CL4,"(5, 10)",alpha
Control,Creativity,"CL4_(5, 10)_alpha",0.17077655987547602,0.024248669290053926,0.17077655987547602,CL4,"(5, 10)",alpha
Haiku,Aesthetic_Appeal,"CL4_(5, 10)_beta",-0.0963328626508777,0.5818565165574194,0.0,CL4,"(5, 10)",beta
Haiku,Vivid_Imagery,"CL4_(5, 10)_beta",0.03316700194620332,0.7448798169389024,0.0,CL4,"(5, 10)",beta
Haiku,Moved,"CL4_(5, 10)_beta",-0.19400929772605705,0.26645175892857265,0.0,CL4,"(5, 10)",beta
Haiku,Originality,"CL4_(5, 10)_beta",0.1289042581961143,0.4597116606300645,0.0,CL4,"(5, 10)",beta
Haiku,Creativity,"CL4_(5, 10)_beta",0.03626271008404452,0.8366744433302893,0.0,CL4,"(5, 10)",beta
Senryu,Aesthetic_Appeal,"CL4_(5, 10)_beta",0.12812075090105687,0.4799391452190511,0.0,CL4,"(5, 10)",beta
Senryu,Vivid_Imagery,"CL4_(5, 10)_beta",0.19698588253353982,0.285279471570572,0.0,CL4,"(5, 10)",beta
Senryu,Moved,"CL4_(5, 10)_beta",-0.022496210459261628,0.830218766535577,0.0,CL4,"(5, 10)",beta
Senryu,Originality,"CL4_(5, 10)_beta",0.1867667238930978,0.31071654971330753,0.0,CL4,"(5, 10)",beta
Senryu,Creativity,"CL4_(5, 10)_beta",0.03725203846216204,0.8370413667987321,0.0,CL4,"(5, 10)",beta
Control,Aesthetic_Appeal,"CL4_(5, 10)_beta",0.05127367664785077,0.6500745373426576,0.0,CL4,"(5, 10)",beta
Control,Vivid_Imagery,"CL4_(5, 10)_beta",-0.04426114348929385,0.6925240850386453,0.0,CL4,"(5, 10)",beta
Control,Moved,"CL4_(5, 10)_beta",0.12569971371824043,0.27702083565512003,0.0,CL4,"(5, 10)",beta
Control,Originality,"CL4_(5, 10)_beta",0.058170425603148675,0.6121678596421916,0.0,CL4,"(5, 10)",beta
Control,Creativity,"CL4_(5, 10)_beta",0.11369539021014194,0.32565155731115636,0.0,CL4,"(5, 10)",beta
Haiku,Aesthetic_Appeal,"CL4_(5, 10)_delta",-0.16249007938066082,0.07935488922641099,0.0,CL4,"(5, 10)",delta
Haiku,Vivid_Imagery,"CL4_(5, 10)_delta",-0.1280943859090343,0.01644149378040739,-0.1280943859090343,CL4,"(5, 10)",delta
Haiku,Moved,"CL4_(5, 10)_delta",-0.2131508904330431,0.022895926659464362,-0.2131508904330431,CL4,"(5, 10)",delta
Haiku,Originality,"CL4_(5, 10)_delta",-0.2738880375714833,0.0031100624991659024,-0.2738880375714833,CL4,"(5, 10)",delta
Haiku,Creativity,"CL4_(5, 10)_delta",-0.26204613846371094,0.00434641718504262,-0.26204613846371094,CL4,"(5, 10)",delta
Senryu,Aesthetic_Appeal,"CL4_(5, 10)_delta",-0.25539929073156353,0.004211740597474851,-0.25539929073156353,CL4,"(5, 10)",delta
Senryu,Vivid_Imagery,"CL4_(5, 10)_delta",-0.16761017776110967,0.05918990105296227,0.0,CL4,"(5, 10)",delta
Senryu,Moved,"CL4_(5, 10)_delta",-0.05713148214284252,0.261842046180248,0.0,CL4,"(5, 10)",delta
Senryu,Originality,"CL4_(5, 10)_delta",-0.1569002355046823,0.08124433433961209,0.0,CL4,"(5, 10)",delta
Senryu,Creativity,"CL4_(5, 10)_delta",-0.018600774448564946,0.8350362577329099,0.0,CL4,"(5, 10)",delta
Control,Aesthetic_Appeal,"CL4_(5, 10)_delta",-0.046523655037398665,0.40152748611410993,0.0,CL4,"(5, 10)",delta
Control,Vivid_Imagery,"CL4_(5, 10)_delta",-0.030499250098338496,0.5712668197371011,0.0,CL4,"(5, 10)",delta
Control,Moved,"CL4_(5, 10)_delta",-0.08115304980645564,0.155022410298247,0.0,CL4,"(5, 10)",delta
Control,Originality,"CL4_(5, 10)_delta",-0.10684591297862384,0.057126034475651954,0.0,CL4,"(5, 10)",delta
Control,Creativity,"CL4_(5, 10)_delta",-0.10174288516330131,0.07409657427441531,0.0,CL4,"(5, 10)",delta
Haiku,Aesthetic_Appeal,"CL4_(5, 10)_lower gamma",-0.15577252628646082,0.3015620989020168,0.0,CL4,"(5, 10)",lower gamma
Haiku,Vivid_Imagery,"CL4_(5, 10)_lower gamma",-0.05266892612067206,0.5465675216012507,0.0,CL4,"(5, 10)",lower gamma
Haiku,Moved,"CL4_(5, 10)_lower gamma",-0.17335941922002543,0.24826271993163407,0.0,CL4,"(5, 10)",lower gamma
Haiku,Originality,"CL4_(5, 10)_lower gamma",-0.4856439083688127,0.0015790829247977812,-0.4856439083688127,CL4,"(5, 10)",lower gamma
Haiku,Creativity,"CL4_(5, 10)_lower gamma",-0.38071270938470225,0.012941170374976815,-0.38071270938470225,CL4,"(5, 10)",lower gamma
Senryu,Aesthetic_Appeal,"CL4_(5, 10)_lower gamma",-0.18768919848064755,0.2375033937910127,0.0,CL4,"(5, 10)",lower gamma
Senryu,Vivid_Imagery,"CL4_(5, 10)_lower gamma",-0.20374984364967402,0.19691766283264223,0.0,CL4,"(5, 10)",lower gamma
Senryu,Moved,"CL4_(5, 10)_lower gamma",-0.038689050447245556,0.6704176084068996,0.0,CL4,"(5, 10)",lower gamma
Senryu,Originality,"CL4_(5, 10)_lower gamma",-0.09359628351227978,0.5686143989823589,0.0,CL4,"(5, 10)",lower gamma
Senryu,Creativity,"CL4_(5, 10)_lower gamma",-0.03792299794315898,0.8163045987503212,0.0,CL4,"(5, 10)",lower gamma
Control,Aesthetic_Appeal,"CL4_(5, 10)_lower gamma",0.11049309359973969,0.22541854244722814,0.0,CL4,"(5, 10)",lower gamma
Control,Vivid_Imagery,"CL4_(5, 10)_lower gamma",0.10603957681841704,0.24059371903532212,0.0,CL4,"(5, 10)",lower gamma
Control,Moved,"CL4_(5, 10)_lower gamma",-0.10653215031408271,0.2554925797512373,0.0,CL4,"(5, 10)",lower gamma
Control,Originality,"CL4_(5, 10)_lower gamma",-0.19868542503751208,0.03442372466283864,-0.19868542503751208,CL4,"(5, 10)",lower gamma
Control,Creativity,"CL4_(5, 10)_lower gamma",-0.1073890875127414,0.25344357395238293,0.0,CL4,"(5, 10)",lower gamma
Haiku,Aesthetic_Appeal,"CL4_(5, 10)_theta",0.2108372846997011,0.04802498599958981,0.2108372846997011,CL4,"(5, 10)",theta
Haiku,Vivid_Imagery,"CL4_(5, 10)_theta",0.09194057324406125,0.13140606925502726,0.0,CL4,"(5, 10)",theta
Haiku,Moved,"CL4_(5, 10)_theta",0.01718818192461481,0.8703481842282668,0.0,CL4,"(5, 10)",theta
Haiku,Originality,"CL4_(5, 10)_theta",0.15682636714822243,0.13834788130279776,0.0,CL4,"(5, 10)",theta
Haiku,Creativity,"CL4_(5, 10)_theta",0.10923323308078918,0.2985687336536953,0.0,CL4,"(5, 10)",theta
Senryu,Aesthetic_Appeal,"CL4_(5, 10)_theta",0.11040678772846718,0.27936270499324256,0.0,CL4,"(5, 10)",theta
Senryu,Vivid_Imagery,"CL4_(5, 10)_theta",0.12583296376792216,0.2146236752934062,0.0,CL4,"(5, 10)",theta
Senryu,Moved,"CL4_(5, 10)_theta",-0.08146398141321395,0.16333099291134123,0.0,CL4,"(5, 10)",theta
Senryu,Originality,"CL4_(5, 10)_theta",-0.09167562898360773,0.3682800596726048,0.0,CL4,"(5, 10)",theta
Senryu,Creativity,"CL4_(5, 10)_theta",-0.18667643201647044,0.06211758078195738,0.0,CL4,"(5, 10)",theta
Control,Aesthetic_Appeal,"CL4_(5, 10)_theta",-0.14221251944301067,0.042726755745279614,-0.14221251944301067,CL4,"(5, 10)",theta
Control,Vivid_Imagery,"CL4_(5, 10)_theta",-0.03536344164750308,0.6087979227279063,0.0,CL4,"(5, 10)",theta
Control,Moved,"CL4_(5, 10)_theta",-0.10442160138144345,0.1430648508828851,0.0,CL4,"(5, 10)",theta
Control,Originality,"CL4_(5, 10)_theta",-0.15510851711450574,0.029170128021102547,-0.15510851711450574,CL4,"(5, 10)",theta
Control,Creativity,"CL4_(5, 10)_theta",-0.17984191035896135,0.011845628297464201,-0.17984191035896135,CL4,"(5, 10)",theta
Haiku,Aesthetic_Appeal,"CL5_(-4, 0)_alpha",-0.44808304818461253,0.0022209512376845974,-0.44808304818461253,CL5,"(-4, 0)",alpha
Haiku,Vivid_Imagery,"CL5_(-4, 0)_alpha",-0.1912679710598817,0.023573484487931586,-0.1912679710598817,CL5,"(-4, 0)",alpha
Haiku,Moved,"CL5_(-4, 0)_alpha",-0.4895970937248169,0.0008088328833192218,-0.4895970937248169,CL5,"(-4, 0)",alpha
Haiku,Originality,"CL5_(-4, 0)_alpha",-0.25317594101601965,0.08414526426898551,0.0,CL5,"(-4, 0)",alpha
Haiku,Creativity,"CL5_(-4, 0)_alpha",-0.4037613609219377,0.005221105816713545,-0.4037613609219377,CL5,"(-4, 0)",alpha
Senryu,Aesthetic_Appeal,"CL5_(-4, 0)_alpha",-0.3165834074149023,0.036789089770028226,-0.3165834074149023,CL5,"(-4, 0)",alpha
Senryu,Vivid_Imagery,"CL5_(-4, 0)_alpha",-0.2295679677671459,0.12886992210832468,0.0,CL5,"(-4, 0)",alpha
Senryu,Moved,"CL5_(-4, 0)_alpha",-0.1834244997625395,0.03588931238729794,-0.1834244997625395,CL5,"(-4, 0)",alpha
Senryu,Originality,"CL5_(-4, 0)_alpha",-0.1388168954849122,0.3566117976739863,0.0,CL5,"(-4, 0)",alpha
Senryu,Creativity,"CL5_(-4, 0)_alpha",-0.3161174668100676,0.036455950932434776,-0.3161174668100676,CL5,"(-4, 0)",alpha
Control,Aesthetic_Appeal,"CL5_(-4, 0)_alpha",-0.01631636255299254,0.8505109884184534,0.0,CL5,"(-4, 0)",alpha
Control,Vivid_Imagery,"CL5_(-4, 0)_alpha",-0.21021091805949227,0.014194424745336238,-0.21021091805949227,CL5,"(-4, 0)",alpha
Control,Moved,"CL5_(-4, 0)_alpha",-0.19227350473055282,0.030087079385801862,-0.19227350473055282,CL5,"(-4, 0)",alpha
Control,Originality,"CL5_(-4, 0)_alpha",-0.1792149686102678,0.04108658471486069,-0.1792149686102678,CL5,"(-4, 0)",alpha
Control,Creativity,"CL5_(-4, 0)_alpha",-0.11587822735095935,0.18958287418073594,0.0,CL5,"(-4, 0)",alpha
Haiku,Aesthetic_Appeal,"CL5_(-4, 0)_beta",0.32096996936447114,0.062304407497667136,0.0,CL5,"(-4, 0)",beta
Haiku,Vivid_Imagery,"CL5_(-4, 0)_beta",0.3089086061989261,0.0019172506693126115,0.3089086061989261,CL5,"(-4, 0)",beta
Haiku,Moved,"CL5_(-4, 0)_beta",0.33442960738557914,0.051449474453892315,0.0,CL5,"(-4, 0)",beta
Haiku,Originality,"CL5_(-4, 0)_beta",-0.024650534484818274,0.8858562890752171,0.0,CL5,"(-4, 0)",beta
Haiku,Creativity,"CL5_(-4, 0)_beta",0.1597577659355986,0.347887474439594,0.0,CL5,"(-4, 0)",beta
Senryu,Aesthetic_Appeal,"CL5_(-4, 0)_beta",0.05776532263144371,0.7326154980606331,0.0,CL5,"(-4, 0)",beta
Senryu,Vivid_Imagery,"CL5_(-4, 0)_beta",0.1074171454569469,0.5241170942581945,0.0,CL5,"(-4, 0)",beta
Senryu,Moved,"CL5_(-4, 0)_beta",0.06513962218683915,0.500971923530282,0.0,CL5,"(-4, 0)",beta
Senryu,Originality,"CL5_(-4, 0)_beta",-0.10183637826853412,0.5467559016909772,0.0,CL5,"(-4, 0)",beta
Senryu,Creativity,"CL5_(-4, 0)_beta",-0.14390615063509407,0.39016464956537444,0.0,CL5,"(-4, 0)",beta
Control,Aesthetic_Appeal,"CL5_(-4, 0)_beta",0.07493941170082798,0.44409116358679057,0.0,CL5,"(-4, 0)",beta
Control,Vivid_Imagery,"CL5_(-4, 0)_beta",0.08736770641521441,0.36798900097696885,0.0,CL5,"(-4, 0)",beta
Control,Moved,"CL5_(-4, 0)_beta",0.12597687848853384,0.2072009500287022,0.0,CL5,"(-4, 0)",beta
Control,Originality,"CL5_(-4, 0)_beta",0.018921138141752027,0.8487495076821673,0.0,CL5,"(-4, 0)",beta
Control,Creativity,"CL5_(-4, 0)_beta",0.008625581560066072,0.9312781753196943,0.0,CL5,"(-4, 0)",beta
Haiku,Aesthetic_Appeal,"CL5_(-4, 0)_delta",0.2303912921226327,0.03352929467890985,0.2303912921226327,CL5,"(-4, 0)",delta
Haiku,Vivid_Imagery,"CL5_(-4, 0)_delta",0.02092295509351199,0.737343994738541,0.0,CL5,"(-4, 0)",delta
Haiku,Moved,"CL5_(-4, 0)_delta",0.1089004688946071,0.305876420992072,0.0,CL5,"(-4, 0)",delta
Haiku,Originality,"CL5_(-4, 0)_delta",0.11202291705670545,0.2944573650140164,0.0,CL5,"(-4, 0)",delta
Haiku,Creativity,"CL5_(-4, 0)_delta",0.17837633655307147,0.09685101323848237,0.0,CL5,"(-4, 0)",delta
Senryu,Aesthetic_Appeal,"CL5_(-4, 0)_delta",0.1908350968799283,0.07234523860830477,0.0,CL5,"(-4, 0)",delta
Senryu,Vivid_Imagery,"CL5_(-4, 0)_delta",-0.06620241099102656,0.528784241153125,0.0,CL5,"(-4, 0)",delta
Senryu,Moved,"CL5_(-4, 0)_delta",0.01599211377750401,0.7906566646355067,0.0,CL5,"(-4, 0)",delta
Senryu,Originality,"CL5_(-4, 0)_delta",-0.13254871611439836,0.19518514130412346,0.0,CL5,"(-4, 0)",delta
Senryu,Creativity,"CL5_(-4, 0)_delta",-0.11376447853122232,0.26367776974954993,0.0,CL5,"(-4, 0)",delta
Control,Aesthetic_Appeal,"CL5_(-4, 0)_delta",0.0777497572829898,0.2508334398157781,0.0,CL5,"(-4, 0)",delta
Control,Vivid_Imagery,"CL5_(-4, 0)_delta",0.061136766145682135,0.35969777869488706,0.0,CL5,"(-4, 0)",delta
Control,Moved,"CL5_(-4, 0)_delta",0.11108732708128227,0.10411805222115664,0.0,CL5,"(-4, 0)",delta
Control,Originality,"CL5_(-4, 0)_delta",0.14772632397419946,0.03042645945172685,0.14772632397419946,CL5,"(-4, 0)",delta
Control,Creativity,"CL5_(-4, 0)_delta",0.12086658972178126,0.07954157889717904,0.0,CL5,"(-4, 0)",delta
Haiku,Aesthetic_Appeal,"CL5_(-4, 0)_lower gamma",-0.19828720967652233,0.1962160581739817,0.0,CL5,"(-4, 0)",lower gamma
Haiku,Vivid_Imagery,"CL5_(-4, 0)_lower gamma",-0.11795659635899282,0.18781119468884744,0.0,CL5,"(-4, 0)",lower gamma
Haiku,Moved,"CL5_(-4, 0)_lower gamma",-0.27486773891947774,0.07080262391341849,0.0,CL5,"(-4, 0)",lower gamma
Haiku,Originality,"CL5_(-4, 0)_lower gamma",0.15186070492422987,0.3275047202011018,0.0,CL5,"(-4, 0)",lower gamma
Haiku,Creativity,"CL5_(-4, 0)_lower gamma",-0.00613690461292365,0.967956682410784,0.0,CL5,"(-4, 0)",lower gamma
Senryu,Aesthetic_Appeal,"CL5_(-4, 0)_lower gamma",-0.2538696985839546,0.08975161082058984,0.0,CL5,"(-4, 0)",lower gamma
Senryu,Vivid_Imagery,"CL5_(-4, 0)_lower gamma",-0.15684289161637474,0.3000856888811668,0.0,CL5,"(-4, 0)",lower gamma
Senryu,Moved,"CL5_(-4, 0)_lower gamma",-0.005687159217415368,0.947650849214305,0.0,CL5,"(-4, 0)",lower gamma
Senryu,Originality,"CL5_(-4, 0)_lower gamma",0.23711017708406534,0.11748309102541048,0.0,CL5,"(-4, 0)",lower gamma
Senryu,Creativity,"CL5_(-4, 0)_lower gamma",0.09280694900146912,0.5349776240193818,0.0,CL5,"(-4, 0)",lower gamma
Control,Aesthetic_Appeal,"CL5_(-4, 0)_lower gamma",-0.029674383510982616,0.730575504139779,0.0,CL5,"(-4, 0)",lower gamma
Control,Vivid_Imagery,"CL5_(-4, 0)_lower gamma",-0.009162662729565205,0.9140622546157028,0.0,CL5,"(-4, 0)",lower gamma
Control,Moved,"CL5_(-4, 0)_lower gamma",-0.004917309574371038,0.9550151035852517,0.0,CL5,"(-4, 0)",lower gamma
Control,Originality,"CL5_(-4, 0)_lower gamma",0.12012160743990216,0.16705174614512763,0.0,CL5,"(-4, 0)",lower gamma
Control,Creativity,"CL5_(-4, 0)_lower gamma",0.07379934111034565,0.39807275395806774,0.0,CL5,"(-4, 0)",lower gamma
Haiku,Aesthetic_Appeal,"CL5_(-4, 0)_theta",-0.04162838465988438,0.750015682920766,0.0,CL5,"(-4, 0)",theta
Haiku,Vivid_Imagery,"CL5_(-4, 0)_theta",0.04635443821575833,0.541296463130933,0.0,CL5,"(-4, 0)",theta
Haiku,Moved,"CL5_(-4, 0)_theta",0.04165854374119255,0.7467113330279845,0.0,CL5,"(-4, 0)",theta
Haiku,Originality,"CL5_(-4, 0)_theta",0.06354740297853181,0.6233033041691658,0.0,CL5,"(-4, 0)",theta
Haiku,Creativity,"CL5_(-4, 0)_theta",0.04047501686647312,0.7553089877854106,0.0,CL5,"(-4, 0)",theta
Senryu,Aesthetic_Appeal,"CL5_(-4, 0)_theta",-0.06488157230832024,0.5242947895624992,0.0,CL5,"(-4, 0)",theta
Senryu,Vivid_Imagery,"CL5_(-4, 0)_theta",0.027316543327641704,0.7856648841726138,0.0,CL5,"(-4, 0)",theta
Senryu,Moved,"CL5_(-4, 0)_theta",-0.03617855848542132,0.5359794628834984,0.0,CL5,"(-4, 0)",theta
Senryu,Originality,"CL5_(-4, 0)_theta",-0.050424186681345406,0.6128788562276495,0.0,CL5,"(-4, 0)",theta
Senryu,Creativity,"CL5_(-4, 0)_theta",0.02561488570731425,0.7955889888084183,0.0,CL5,"(-4, 0)",theta
Control,Aesthetic_Appeal,"CL5_(-4, 0)_theta",-0.019858599779344073,0.7582244482919009,0.0,CL5,"(-4, 0)",theta
Control,Vivid_Imagery,"CL5_(-4, 0)_theta",-0.015104543680600256,0.8115748585207485,0.0,CL5,"(-4, 0)",theta
Control,Moved,"CL5_(-4, 0)_theta",-0.020777117829899765,0.7509799908779959,0.0,CL5,"(-4, 0)",theta
Control,Originality,"CL5_(-4, 0)_theta",-0.11801016277391577,0.07074426235959928,0.0,CL5,"(-4, 0)",theta
Control,Creativity,"CL5_(-4, 0)_theta",-0.10299732323974134,0.11785056966357396,0.0,CL5,"(-4, 0)",theta
Haiku,Aesthetic_Appeal,"CL5_(0, 5)_alpha",-0.4653042337263124,0.0009715562070815832,-0.4653042337263124,CL5,"(0, 5)",alpha
Haiku,Vivid_Imagery,"CL5_(0, 5)_alpha",-0.23292783347741308,0.004350658411724631,-0.23292783347741308,CL5,"(0, 5)",alpha
Haiku,Moved,"CL5_(0, 5)_alpha",-0.5151713113829645,0.0002688517586146897,-0.5151713113829645,CL5,"(0, 5)",alpha
Haiku,Originality,"CL5_(0, 5)_alpha",-0.2749887225294822,0.05163449215622295,0.0,CL5,"(0, 5)",alpha
Haiku,Creativity,"CL5_(0, 5)_alpha",-0.3752361588985837,0.007169185311601346,-0.3752361588985837,CL5,"(0, 5)",alpha
Senryu,Aesthetic_Appeal,"CL5_(0, 5)_alpha",-0.3767666980500863,0.009519948361552328,-0.3767666980500863,CL5,"(0, 5)",alpha
Senryu,Vivid_Imagery,"CL5_(0, 5)_alpha",-0.3890086192077966,0.007950939828814034,-0.3890086192077966,CL5,"(0, 5)",alpha
Senryu,Moved,"CL5_(0, 5)_alpha",-0.46598988516510575,4.384740560638074e-08,-0.46598988516510575,CL5,"(0, 5)",alpha
Senryu,Originality,"CL5_(0, 5)_alpha",-0.36495429421584497,0.013169074418244144,-0.36495429421584497,CL5,"(0, 5)",alpha
Senryu,Creativity,"CL5_(0, 5)_alpha",-0.4206161552363024,0.003829475051312884,-0.4206161552363024,CL5,"(0, 5)",alpha
Control,Aesthetic_Appeal,"CL5_(0, 5)_alpha",-0.09664105788450023,0.2407877521467947,0.0,CL5,"(0, 5)",alpha
Control,Vivid_Imagery,"CL5_(0, 5)_alpha",-0.16142821134342453,0.04718396532215037,-0.16142821134342453,CL5,"(0, 5)",alpha
Control,Moved,"CL5_(0, 5)_alpha",-0.2921010591940007,0.0005409292693066395,-0.2921010591940007,CL5,"(0, 5)",alpha
Control,Originality,"CL5_(0, 5)_alpha",-0.18289296326627869,0.02853527771739854,-0.18289296326627869,CL5,"(0, 5)",alpha
Control,Creativity,"CL5_(0, 5)_alpha",-0.17030482934473762,0.04300611807944784,-0.17030482934473762,CL5,"(0, 5)",alpha
Haiku,Aesthetic_Appeal,"CL5_(0, 5)_beta",0.30193905995580217,0.08655147671150419,0.0,CL5,"(0, 5)",beta
Haiku,Vivid_Imagery,"CL5_(0, 5)_beta",0.17988162655508533,0.07880338417524124,0.0,CL5,"(0, 5)",beta
Haiku,Moved,"CL5_(0, 5)_beta",0.6724730595649169,0.00013140222810306215,0.6724730595649169,CL5,"(0, 5)",beta
Haiku,Originality,"CL5_(0, 5)_beta",0.7153468404387696,5.3884295309202155e-05,0.7153468404387696,CL5,"(0, 5)",beta
Haiku,Creativity,"CL5_(0, 5)_beta",0.37550524112076433,0.03335088486927909,0.37550524112076433,CL5,"(0, 5)",beta
Senryu,Aesthetic_Appeal,"CL5_(0, 5)_beta",0.10692243735919232,0.5465148202403678,0.0,CL5,"(0, 5)",beta
Senryu,Vivid_Imagery,"CL5_(0, 5)_beta",0.562925160424791,0.0016716036599284858,0.562925160424791,CL5,"(0, 5)",beta
Senryu,Moved,"CL5_(0, 5)_beta",0.24133654579378797,0.01865938884698756,0.24133654579378797,CL5,"(0, 5)",beta
Senryu,Originality,"CL5_(0, 5)_beta",0.026633998456612823,0.8818734278747821,0.0,CL5,"(0, 5)",beta
Senryu,Creativity,"CL5_(0, 5)_beta",-0.07077586587362511,0.6916438742603341,0.0,CL5,"(0, 5)",beta
Control,Aesthetic_Appeal,"CL5_(0, 5)_beta",0.006827715766125416,0.9492050683960487,0.0,CL5,"(0, 5)",beta
Control,Vivid_Imagery,"CL5_(0, 5)_beta",0.14307724224599525,0.17770615271373846,0.0,CL5,"(0, 5)",beta
Control,Moved,"CL5_(0, 5)_beta",0.15966502793485052,0.14341949731945505,0.0,CL5,"(0, 5)",beta
Control,Originality,"CL5_(0, 5)_beta",-0.09553491276187595,0.37871303534931067,0.0,CL5,"(0, 5)",beta
Control,Creativity,"CL5_(0, 5)_beta",-0.011773551902688847,0.9140775577548814,0.0,CL5,"(0, 5)",beta
Haiku,Aesthetic_Appeal,"CL5_(0, 5)_delta",0.15528905539420437,0.09940804093962614,0.0,CL5,"(0, 5)",delta
Haiku,Vivid_Imagery,"CL5_(0, 5)_delta",0.09315771950671942,0.09170703442593195,0.0,CL5,"(0, 5)",delta
Haiku,Moved,"CL5_(0, 5)_delta",0.07467277326237791,0.4144906203562315,0.0,CL5,"(0, 5)",delta
Haiku,Originality,"CL5_(0, 5)_delta",0.08696477456415834,0.35482660037168845,0.0,CL5,"(0, 5)",delta
Haiku,Creativity,"CL5_(0, 5)_delta",-0.005837262871367916,0.9499093791876215,0.0,CL5,"(0, 5)",delta
Senryu,Aesthetic_Appeal,"CL5_(0, 5)_delta",0.1439439755868757,0.17602095203402668,0.0,CL5,"(0, 5)",delta
Senryu,Vivid_Imagery,"CL5_(0, 5)_delta",0.18097491940102958,0.08937724237770552,0.0,CL5,"(0, 5)",delta
Senryu,Moved,"CL5_(0, 5)_delta",0.05274190793739152,0.3906209686937444,0.0,CL5,"(0, 5)",delta
Senryu,Originality,"CL5_(0, 5)_delta",0.10265322380638692,0.32879071427339135,0.0,CL5,"(0, 5)",delta
Senryu,Creativity,"CL5_(0, 5)_delta",0.1328057662857803,0.2062043197459772,0.0,CL5,"(0, 5)",delta
Control,Aesthetic_Appeal,"CL5_(0, 5)_delta",-0.06658822819626109,0.27956993675941644,0.0,CL5,"(0, 5)",delta
Control,Vivid_Imagery,"CL5_(0, 5)_delta",-0.19700041471359186,0.001196989923264059,-0.19700041471359186,CL5,"(0, 5)",delta
Control,Moved,"CL5_(0, 5)_delta",-0.05125085096901023,0.41299632791359886,0.0,CL5,"(0, 5)",delta
Control,Originality,"CL5_(0, 5)_delta",-0.11473341151465827,0.06599314516883954,0.0,CL5,"(0, 5)",delta
Control,Creativity,"CL5_(0, 5)_delta",-0.04402789335294277,0.4849405297522984,0.0,CL5,"(0, 5)",delta
Haiku,Aesthetic_Appeal,"CL5_(0, 5)_lower gamma",-0.2954275036724735,0.06633809740676883,0.0,CL5,"(0, 5)",lower gamma
Haiku,Vivid_Imagery,"CL5_(0, 5)_lower gamma",-0.21499822004981436,0.02372779856801218,-0.21499822004981436,CL5,"(0, 5)",lower gamma
Haiku,Moved,"CL5_(0, 5)_lower gamma",-0.48407583901813045,0.002603233068636435,-0.48407583901813045,CL5,"(0, 5)",lower gamma
Haiku,Originality,"CL5_(0, 5)_lower gamma",-0.4233285171705156,0.009390649425587452,-0.4233285171705156,CL5,"(0, 5)",lower gamma
Haiku,Creativity,"CL5_(0, 5)_lower gamma",-0.23961772618017302,0.1403336075240737,0.0,CL5,"(0, 5)",lower gamma
Senryu,Aesthetic_Appeal,"CL5_(0, 5)_lower gamma",0.12586616749433058,0.4555382488069467,0.0,CL5,"(0, 5)",lower gamma
Senryu,Vivid_Imagery,"CL5_(0, 5)_lower gamma",-0.4276390173923242,0.011764402059971925,-0.4276390173923242,CL5,"(0, 5)",lower gamma
Senryu,Moved,"CL5_(0, 5)_lower gamma",-0.16831804223923963,0.08747930415066475,0.0,CL5,"(0, 5)",lower gamma
Senryu,Originality,"CL5_(0, 5)_lower gamma",0.0185148427123901,0.9137828522325621,0.0,CL5,"(0, 5)",lower gamma
Senryu,Creativity,"CL5_(0, 5)_lower gamma",0.0010635047087347376,0.9949607891305926,0.0,CL5,"(0, 5)",lower gamma
Control,Aesthetic_Appeal,"CL5_(0, 5)_lower gamma",0.21473180212154694,0.028415662144088555,0.21473180212154694,CL5,"(0, 5)",lower gamma
Control,Vivid_Imagery,"CL5_(0, 5)_lower gamma",0.09610012701804577,0.3192994055933328,0.0,CL5,"(0, 5)",lower gamma
Control,Moved,"CL5_(0, 5)_lower gamma",0.15417805141917162,0.12020241232312787,0.0,CL5,"(0, 5)",lower gamma
Control,Originality,"CL5_(0, 5)_lower gamma",0.15569460860427434,0.11509581011616844,0.0,CL5,"(0, 5)",lower gamma
Control,Creativity,"CL5_(0, 5)_lower gamma",0.16174322942906938,0.1042920688745366,0.0,CL5,"(0, 5)",lower gamma
Haiku,Aesthetic_Appeal,"CL5_(0, 5)_theta",-0.08673336657234734,0.46867119263203794,0.0,CL5,"(0, 5)",theta
Haiku,Vivid_Imagery,"CL5_(0, 5)_theta",-0.06081499685650493,0.3856690260346515,0.0,CL5,"(0, 5)",theta
Haiku,Moved,"CL5_(0, 5)_theta",-0.02856283824819638,0.8092974198509149,0.0,CL5,"(0, 5)",theta
Haiku,Originality,"CL5_(0, 5)_theta",-0.24716182300621206,0.0402607316693126,-0.24716182300621206,CL5,"(0, 5)",theta
Haiku,Creativity,"CL5_(0, 5)_theta",-0.12807505186537962,0.28687885890279574,0.0,CL5,"(0, 5)",theta
Senryu,Aesthetic_Appeal,"CL5_(0, 5)_theta",-0.23094075835426695,0.058660112120334326,0.0,CL5,"(0, 5)",theta
Senryu,Vivid_Imagery,"CL5_(0, 5)_theta",-0.2823665897220848,0.02094409747633668,-0.2823665897220848,CL5,"(0, 5)",theta
Senryu,Moved,"CL5_(0, 5)_theta",0.02984990564908489,0.6698254432385801,0.0,CL5,"(0, 5)",theta
Senryu,Originality,"CL5_(0, 5)_theta",-0.060492858409402175,0.6233621761407055,0.0,CL5,"(0, 5)",theta
Senryu,Creativity,"CL5_(0, 5)_theta",0.03579878165824165,0.7648773479580694,0.0,CL5,"(0, 5)",theta
Control,Aesthetic_Appeal,"CL5_(0, 5)_theta",-0.06608290378391271,0.32311688579327835,0.0,CL5,"(0, 5)",theta
Control,Vivid_Imagery,"CL5_(0, 5)_theta",0.03150421646087708,0.6344189955987702,0.0,CL5,"(0, 5)",theta
Control,Moved,"CL5_(0, 5)_theta",-0.07755705975364231,0.25408044251041595,0.0,CL5,"(0, 5)",theta
Control,Originality,"CL5_(0, 5)_theta",0.0013889246999130955,0.9836284532641687,0.0,CL5,"(0, 5)",theta
Control,Creativity,"CL5_(0, 5)_theta",-0.05542927991343424,0.41528562382842027,0.0,CL5,"(0, 5)",theta
Haiku,Aesthetic_Appeal,"CL5_(5, 10)_alpha",-0.04846820478546955,0.7350103413474445,0.0,CL5,"(5, 10)",alpha
Haiku,Vivid_Imagery,"CL5_(5, 10)_alpha",-0.10956902083249415,0.18189907554733364,0.0,CL5,"(5, 10)",alpha
Haiku,Moved,"CL5_(5, 10)_alpha",-0.5440014069605766,0.00011642463798155851,-0.5440014069605766,CL5,"(5, 10)",alpha
Haiku,Originality,"CL5_(5, 10)_alpha",-0.37876195471208673,0.007717174033799642,-0.37876195471208673,CL5,"(5, 10)",alpha
Haiku,Creativity,"CL5_(5, 10)_alpha",-0.3621227154746458,0.009807969259719574,-0.3621227154746458,CL5,"(5, 10)",alpha
Senryu,Aesthetic_Appeal,"CL5_(5, 10)_alpha",-0.3552845704710334,0.013422682956424153,-0.3552845704710334,CL5,"(5, 10)",alpha
Senryu,Vivid_Imagery,"CL5_(5, 10)_alpha",-0.281736048706485,0.04931456793226827,-0.281736048706485,CL5,"(5, 10)",alpha
Senryu,Moved,"CL5_(5, 10)_alpha",-0.3011426435489259,0.00025593166137878327,-0.3011426435489259,CL5,"(5, 10)",alpha
Senryu,Originality,"CL5_(5, 10)_alpha",-0.2906911004219661,0.04342710512545266,-0.2906911004219661,CL5,"(5, 10)",alpha
Senryu,Creativity,"CL5_(5, 10)_alpha",-0.21087423071451816,0.13770163971872657,0.0,CL5,"(5, 10)",alpha
Control,Aesthetic_Appeal,"CL5_(5, 10)_alpha",-0.15067682501470636,0.06821338967620706,0.0,CL5,"(5, 10)",alpha
Control,Vivid_Imagery,"CL5_(5, 10)_alpha",-0.08841511980316166,0.27822918382735373,0.0,CL5,"(5, 10)",alpha
Control,Moved,"CL5_(5, 10)_alpha",-0.10452938842143975,0.2166729539463118,0.0,CL5,"(5, 10)",alpha
Control,Originality,"CL5_(5, 10)_alpha",-0.15086423316724973,0.07140511132025859,0.0,CL5,"(5, 10)",alpha
Control,Creativity,"CL5_(5, 10)_alpha",-0.1075953023011249,0.20182286751993028,0.0,CL5,"(5, 10)",alpha
Haiku,Aesthetic_Appeal,"CL5_(5, 10)_beta",0.022554182339593203,0.8967346288364348,0.0,CL5,"(5, 10)",beta
Haiku,Vivid_Imagery,"CL5_(5, 10)_beta",0.028157692580923717,0.7792886620533853,0.0,CL5,"(5, 10)",beta
Haiku,Moved,"CL5_(5, 10)_beta",0.09613384606127606,0.5804186576564303,0.0,CL5,"(5, 10)",beta
Haiku,Originality,"CL5_(5, 10)_beta",0.14299544363773795,0.40773130789805145,0.0,CL5,"(5, 10)",beta
Haiku,Creativity,"CL5_(5, 10)_beta",0.07283286097019594,0.6743389141917459,0.0,CL5,"(5, 10)",beta
Senryu,Aesthetic_Appeal,"CL5_(5, 10)_beta",0.2740868136884814,0.11415838567851257,0.0,CL5,"(5, 10)",beta
Senryu,Vivid_Imagery,"CL5_(5, 10)_beta",0.20643726618518402,0.24187430405482002,0.0,CL5,"(5, 10)",beta
Senryu,Moved,"CL5_(5, 10)_beta",0.29342130804321553,0.0037319336681015175,0.29342130804321553,CL5,"(5, 10)",beta
Senryu,Originality,"CL5_(5, 10)_beta",0.44301964621115675,0.012814424024495893,0.44301964621115675,CL5,"(5, 10)",beta
Senryu,Creativity,"CL5_(5, 10)_beta",0.31157981529562295,0.07433678594086757,0.0,CL5,"(5, 10)",beta
Control,Aesthetic_Appeal,"CL5_(5, 10)_beta",-0.2613931929528426,0.014161759507367316,-0.2613931929528426,CL5,"(5, 10)",beta
Control,Vivid_Imagery,"CL5_(5, 10)_beta",-0.02572821679058653,0.8074273832167057,0.0,CL5,"(5, 10)",beta
Control,Moved,"CL5_(5, 10)_beta",-0.2633403585853802,0.015156458362502546,-0.2633403585853802,CL5,"(5, 10)",beta
Control,Originality,"CL5_(5, 10)_beta",-0.2914526840811815,0.006939328676031234,-0.2914526840811815,CL5,"(5, 10)",beta
Control,Creativity,"CL5_(5, 10)_beta",-0.37712731176777664,0.0005219984030117107,-0.37712731176777664,CL5,"(5, 10)",beta
Haiku,Aesthetic_Appeal,"CL5_(5, 10)_delta",0.14419054418000066,0.17819547611554687,0.0,CL5,"(5, 10)",delta
Haiku,Vivid_Imagery,"CL5_(5, 10)_delta",0.07671594253558657,0.21169717364990936,0.0,CL5,"(5, 10)",delta
Haiku,Moved,"CL5_(5, 10)_delta",-0.05827037539590167,0.5863249719128792,0.0,CL5,"(5, 10)",delta
Haiku,Originality,"CL5_(5, 10)_delta",0.020445703946656606,0.8491789883766254,0.0,CL5,"(5, 10)",delta
Haiku,Creativity,"CL5_(5, 10)_delta",-0.010194946009563765,0.9228672329114146,0.0,CL5,"(5, 10)",delta
Senryu,Aesthetic_Appeal,"CL5_(5, 10)_delta",0.2720354399621775,0.009929207833121689,0.2720354399621775,CL5,"(5, 10)",delta
Senryu,Vivid_Imagery,"CL5_(5, 10)_delta",0.0029940631793155398,0.977467676880514,0.0,CL5,"(5, 10)",delta
Senryu,Moved,"CL5_(5, 10)_delta",-0.05422441188894418,0.37316425131896225,0.0,CL5,"(5, 10)",delta
Senryu,Originality,"CL5_(5, 10)_delta",0.07329767794036397,0.49076845128683766,0.0,CL5,"(5, 10)",delta
Senryu,Creativity,"CL5_(5, 10)_delta",-0.04354719723290823,0.6776028877780228,0.0,CL5,"(5, 10)",delta
Control,Aesthetic_Appeal,"CL5_(5, 10)_delta",0.04806393368684005,0.39984266393257306,0.0,CL5,"(5, 10)",delta
Control,Vivid_Imagery,"CL5_(5, 10)_delta",-0.07037630636577526,0.2107085650170547,0.0,CL5,"(5, 10)",delta
Control,Moved,"CL5_(5, 10)_delta",0.0907978192718858,0.11793276897928219,0.0,CL5,"(5, 10)",delta
Control,Originality,"CL5_(5, 10)_delta",0.02832487487566387,0.6234760916910946,0.0,CL5,"(5, 10)",delta
Control,Creativity,"CL5_(5, 10)_delta",0.0315432376932615,0.5870154958412466,0.0,CL5,"(5, 10)",delta
Haiku,Aesthetic_Appeal,"CL5_(5, 10)_lower gamma",0.05173517407594535,0.7170067764967707,0.0,CL5,"(5, 10)",lower gamma
Haiku,Vivid_Imagery,"CL5_(5, 10)_lower gamma",0.0001236904360358744,0.9988214929359341,0.0,CL5,"(5, 10)",lower gamma
Haiku,Moved,"CL5_(5, 10)_lower gamma",0.015189354774519263,0.9154548670934499,0.0,CL5,"(5, 10)",lower gamma
Haiku,Originality,"CL5_(5, 10)_lower gamma",0.0002726203278895584,0.9984867661524353,0.0,CL5,"(5, 10)",lower gamma
Haiku,Creativity,"CL5_(5, 10)_lower gamma",0.05713554905802477,0.6876836095495482,0.0,CL5,"(5, 10)",lower gamma
Senryu,Aesthetic_Appeal,"CL5_(5, 10)_lower gamma",-0.16288723582300438,0.2940176553331125,0.0,CL5,"(5, 10)",lower gamma
Senryu,Vivid_Imagery,"CL5_(5, 10)_lower gamma",-0.08075800329339948,0.6022894968960546,0.0,CL5,"(5, 10)",lower gamma
Senryu,Moved,"CL5_(5, 10)_lower gamma",-0.12020979824981597,0.1813801288684257,0.0,CL5,"(5, 10)",lower gamma
Senryu,Originality,"CL5_(5, 10)_lower gamma",-0.37512142567889317,0.016315409786571332,-0.37512142567889317,CL5,"(5, 10)",lower gamma
Senryu,Creativity,"CL5_(5, 10)_lower gamma",-0.10199166889720754,0.5109933327380347,0.0,CL5,"(5, 10)",lower gamma
Control,Aesthetic_Appeal,"CL5_(5, 10)_lower gamma",0.043680713778176006,0.6235415621407929,0.0,CL5,"(5, 10)",lower gamma
Control,Vivid_Imagery,"CL5_(5, 10)_lower gamma",0.04240926984847222,0.6305332440754249,0.0,CL5,"(5, 10)",lower gamma
Control,Moved,"CL5_(5, 10)_lower gamma",0.16092298141071554,0.0748950527120741,0.0,CL5,"(5, 10)",lower gamma
Control,Originality,"CL5_(5, 10)_lower gamma",0.2266646035678318,0.01204752467279422,0.2266646035678318,CL5,"(5, 10)",lower gamma
Control,Creativity,"CL5_(5, 10)_lower gamma",0.21841896938001193,0.016427957132907837,0.21841896938001193,CL5,"(5, 10)",lower gamma
Haiku,Aesthetic_Appeal,"CL5_(5, 10)_theta",-0.13162306281561817,0.24390517815628643,0.0,CL5,"(5, 10)",theta
Haiku,Vivid_Imagery,"CL5_(5, 10)_theta",-0.08467287360629853,0.1908325034655236,0.0,CL5,"(5, 10)",theta
Haiku,Moved,"CL5_(5, 10)_theta",0.1467497960426289,0.18403083769306705,0.0,CL5,"(5, 10)",theta
Haiku,Originality,"CL5_(5, 10)_theta",0.03645093573542979,0.7432542120575141,0.0,CL5,"(5, 10)",theta
Haiku,Creativity,"CL5_(5, 10)_theta",-0.0073098611250723205,0.9473289066208733,0.0,CL5,"(5, 10)",theta
Senryu,Aesthetic_Appeal,"CL5_(5, 10)_theta",-0.041809207677166255,0.7005359623968925,0.0,CL5,"(5, 10)",theta
Senryu,Vivid_Imagery,"CL5_(5, 10)_theta",0.006894902553170324,0.9496658513143841,0.0,CL5,"(5, 10)",theta
Senryu,Moved,"CL5_(5, 10)_theta",0.1290815575476273,0.03985876181092833,0.1290815575476273,CL5,"(5, 10)",theta
Senryu,Originality,"CL5_(5, 10)_theta",0.11503903684247788,0.29263766440129846,0.0,CL5,"(5, 10)",theta
Senryu,Creativity,"CL5_(5, 10)_theta",0.12327660628603254,0.25062941711691933,0.0,CL5,"(5, 10)",theta
Control,Aesthetic_Appeal,"CL5_(5, 10)_theta",0.06770560851843929,0.3212880989223733,0.0,CL5,"(5, 10)",theta
Control,Vivid_Imagery,"CL5_(5, 10)_theta",-0.013990860503546816,0.8357276450764778,0.0,CL5,"(5, 10)",theta
Control,Moved,"CL5_(5, 10)_theta",0.01781780560210787,0.7981800226405722,0.0,CL5,"(5, 10)",theta
Control,Originality,"CL5_(5, 10)_theta",0.09346980864655255,0.17682760217569593,0.0,CL5,"(5, 10)",theta
Control,Creativity,"CL5_(5, 10)_theta",0.09309495575069421,0.18111283362609587,0.0,CL5,"(5, 10)",theta
Haiku,Aesthetic_Appeal,"CL6_(-4, 0)_alpha",0.21032029770536292,0.0913732246212714,0.0,CL6,"(-4, 0)",alpha
Haiku,Vivid_Imagery,"CL6_(-4, 0)_alpha",0.16987558358790247,0.018851709892029833,0.16987558358790247,CL6,"(-4, 0)",alpha
Haiku,Moved,"CL6_(-4, 0)_alpha",0.4726239651363428,0.00014165061593228348,0.4726239651363428,CL6,"(-4, 0)",alpha
Haiku,Originality,"CL6_(-4, 0)_alpha",0.26365369264049915,0.03558243624854032,0.26365369264049915,CL6,"(-4, 0)",alpha
Haiku,Creativity,"CL6_(-4, 0)_alpha",0.392599789339073,0.0014655696843326694,0.392599789339073,CL6,"(-4, 0)",alpha
Senryu,Aesthetic_Appeal,"CL6_(-4, 0)_alpha",0.31929106765028054,0.014571228623954675,0.31929106765028054,CL6,"(-4, 0)",alpha
Senryu,Vivid_Imagery,"CL6_(-4, 0)_alpha",0.2859053429652554,0.028045427608669227,0.2859053429652554,CL6,"(-4, 0)",alpha
Senryu,Moved,"CL6_(-4, 0)_alpha",0.2794598347401902,0.00020355749437918176,0.2794598347401902,CL6,"(-4, 0)",alpha
Senryu,Originality,"CL6_(-4, 0)_alpha",0.4195251009352109,0.0011936733278466386,0.4195251009352109,CL6,"(-4, 0)",alpha
Senryu,Creativity,"CL6_(-4, 0)_alpha",0.3935514731588143,0.0021904117731586454,0.3935514731588143,CL6,"(-4, 0)",alpha
Control,Aesthetic_Appeal,"CL6_(-4, 0)_alpha",0.2885117206966167,9.479863261938659e-05,0.2885117206966167,CL6,"(-4, 0)",alpha
Control,Vivid_Imagery,"CL6_(-4, 0)_alpha",0.23257955652698586,0.0014096890972285418,0.23257955652698586,CL6,"(-4, 0)",alpha
Control,Moved,"CL6_(-4, 0)_alpha",0.28534092345881945,0.00015490296925886572,0.28534092345881945,CL6,"(-4, 0)",alpha
Control,Originality,"CL6_(-4, 0)_alpha",0.2996141957733428,6.186698746975079e-05,0.2996141957733428,CL6,"(-4, 0)",alpha
Control,Creativity,"CL6_(-4, 0)_alpha",0.2731708344335233,0.00028995684875174376,0.2731708344335233,CL6,"(-4, 0)",alpha
Haiku,Aesthetic_Appeal,"CL6_(-4, 0)_beta",0.1634064214001154,0.1673480315527145,0.0,CL6,"(-4, 0)",beta
Haiku,Vivid_Imagery,"CL6_(-4, 0)_beta",-0.03596134805566421,0.5984668262956915,0.0,CL6,"(-4, 0)",beta
Haiku,Moved,"CL6_(-4, 0)_beta",-0.1210946910720365,0.30209352817543,0.0,CL6,"(-4, 0)",beta
Haiku,Originality,"CL6_(-4, 0)_beta",0.12833014871113246,0.2780723378532708,0.0,CL6,"(-4, 0)",beta
Haiku,Creativity,"CL6_(-4, 0)_beta",-0.0490510211737544,0.676847886997797,0.0,CL6,"(-4, 0)",beta
Senryu,Aesthetic_Appeal,"CL6_(-4, 0)_beta",-0.2060207564221797,0.08298257747839151,0.0,CL6,"(-4, 0)",beta
Senryu,Vivid_Imagery,"CL6_(-4, 0)_beta",-0.16821643601571312,0.1537051418991116,0.0,CL6,"(-4, 0)",beta
Senryu,Moved,"CL6_(-4, 0)_beta",-0.21641395935816155,0.001544722492846546,-0.21641395935816155,CL6,"(-4, 0)",beta
Senryu,Originality,"CL6_(-4, 0)_beta",-0.19340332627261503,0.1081430424359406,0.0,CL6,"(-4, 0)",beta
Senryu,Creativity,"CL6_(-4, 0)_beta",-0.2045349206298764,0.08549169412844844,0.0,CL6,"(-4, 0)",beta
Control,Aesthetic_Appeal,"CL6_(-4, 0)_beta",-0.3279575974008531,9.134759331055043e-07,-0.3279575974008531,CL6,"(-4, 0)",beta
Control,Vivid_Imagery,"CL6_(-4, 0)_beta",-0.2327129747653469,0.00040822327489735573,-0.2327129747653469,CL6,"(-4, 0)",beta
Control,Moved,"CL6_(-4, 0)_beta",-0.28168782781530993,3.6096617590734346e-05,-0.28168782781530993,CL6,"(-4, 0)",beta
Control,Originality,"CL6_(-4, 0)_beta",-0.21164020067932346,0.0017493612759571793,-0.21164020067932346,CL6,"(-4, 0)",beta
Control,Creativity,"CL6_(-4, 0)_beta",-0.24687411095660453,0.00030937661870051344,-0.24687411095660453,CL6,"(-4, 0)",beta
Haiku,Aesthetic_Appeal,"CL6_(-4, 0)_delta",-0.043395568927734524,0.5996372855797298,0.0,CL6,"(-4, 0)",delta
Haiku,Vivid_Imagery,"CL6_(-4, 0)_delta",0.08203508913128747,0.0880967140933215,0.0,CL6,"(-4, 0)",delta
Haiku,Moved,"CL6_(-4, 0)_delta",0.002725120543987075,0.9734064512193539,0.0,CL6,"(-4, 0)",delta
Haiku,Originality,"CL6_(-4, 0)_delta",-0.07510108713227318,0.36845938610188267,0.0,CL6,"(-4, 0)",delta
Haiku,Creativity,"CL6_(-4, 0)_delta",-0.15793922162780982,0.05906195655863421,0.0,CL6,"(-4, 0)",delta
Senryu,Aesthetic_Appeal,"CL6_(-4, 0)_delta",0.052787191803322565,0.5486280364822131,0.0,CL6,"(-4, 0)",delta
Senryu,Vivid_Imagery,"CL6_(-4, 0)_delta",0.17757441437448562,0.0493657908368057,0.17757441437448562,CL6,"(-4, 0)",delta
Senryu,Moved,"CL6_(-4, 0)_delta",0.09003389884062367,0.07867350879735482,0.0,CL6,"(-4, 0)",delta
Senryu,Originality,"CL6_(-4, 0)_delta",0.12986399778871852,0.14119402478347412,0.0,CL6,"(-4, 0)",delta
Senryu,Creativity,"CL6_(-4, 0)_delta",0.09008565954615026,0.3032336718130586,0.0,CL6,"(-4, 0)",delta
Control,Aesthetic_Appeal,"CL6_(-4, 0)_delta",0.02713171987994445,0.6098187567736986,0.0,CL6,"(-4, 0)",delta
Control,Vivid_Imagery,"CL6_(-4, 0)_delta",0.08495351908234951,0.10819028316327967,0.0,CL6,"(-4, 0)",delta
Control,Moved,"CL6_(-4, 0)_delta",0.046066342453331806,0.3964744025761121,0.0,CL6,"(-4, 0)",delta
Control,Originality,"CL6_(-4, 0)_delta",0.02669686323005351,0.6225051087456548,0.0,CL6,"(-4, 0)",delta
Control,Creativity,"CL6_(-4, 0)_delta",0.019756812258525436,0.717106317745571,0.0,CL6,"(-4, 0)",delta
Haiku,Aesthetic_Appeal,"CL6_(-4, 0)_lower gamma",-0.11771879104067885,0.3870279502389271,0.0,CL6,"(-4, 0)",lower gamma
Haiku,Vivid_Imagery,"CL6_(-4, 0)_lower gamma",0.03208273871120536,0.6889648561672673,0.0,CL6,"(-4, 0)",lower gamma
Haiku,Moved,"CL6_(-4, 0)_lower gamma",0.08109741386128304,0.5581373309832545,0.0,CL6,"(-4, 0)",lower gamma
Haiku,Originality,"CL6_(-4, 0)_lower gamma",0.025195750178621423,0.8559143227531698,0.0,CL6,"(-4, 0)",lower gamma
Haiku,Creativity,"CL6_(-4, 0)_lower gamma",-0.253101400750711,0.06738037507049084,0.0,CL6,"(-4, 0)",lower gamma
Senryu,Aesthetic_Appeal,"CL6_(-4, 0)_lower gamma",-0.1483294595177766,0.24598463051999353,0.0,CL6,"(-4, 0)",lower gamma
Senryu,Vivid_Imagery,"CL6_(-4, 0)_lower gamma",-0.044963920382318626,0.7267239837182362,0.0,CL6,"(-4, 0)",lower gamma
Senryu,Moved,"CL6_(-4, 0)_lower gamma",0.0006130145091646293,0.9934302838884193,0.0,CL6,"(-4, 0)",lower gamma
Senryu,Originality,"CL6_(-4, 0)_lower gamma",-0.2728950007411492,0.03454477123867469,-0.2728950007411492,CL6,"(-4, 0)",lower gamma
Senryu,Creativity,"CL6_(-4, 0)_lower gamma",-0.3181758574079105,0.012750602241695398,-0.3181758574079105,CL6,"(-4, 0)",lower gamma
Control,Aesthetic_Appeal,"CL6_(-4, 0)_lower gamma",-0.01885373030799986,0.8017585006177821,0.0,CL6,"(-4, 0)",lower gamma
Control,Vivid_Imagery,"CL6_(-4, 0)_lower gamma",-0.04134373777373513,0.5759606193893474,0.0,CL6,"(-4, 0)",lower gamma
Control,Moved,"CL6_(-4, 0)_lower gamma",-0.021882358296235086,0.7743517537240523,0.0,CL6,"(-4, 0)",lower gamma
Control,Originality,"CL6_(-4, 0)_lower gamma",-0.1690297784069762,0.02671283645625067,-0.1690297784069762,CL6,"(-4, 0)",lower gamma
Control,Creativity,"CL6_(-4, 0)_lower gamma",-0.1744764389528528,0.022857357943921148,-0.1744764389528528,CL6,"(-4, 0)",lower gamma
Haiku,Aesthetic_Appeal,"CL6_(-4, 0)_theta",-0.00901416554465931,0.9264441696378991,0.0,CL6,"(-4, 0)",theta
Haiku,Vivid_Imagery,"CL6_(-4, 0)_theta",-0.127393785668884,0.02629982994271563,-0.127393785668884,CL6,"(-4, 0)",theta
Haiku,Moved,"CL6_(-4, 0)_theta",-0.0312924565646606,0.7476495570491248,0.0,CL6,"(-4, 0)",theta
Haiku,Originality,"CL6_(-4, 0)_theta",-0.157358115768558,0.10982997891554322,0.0,CL6,"(-4, 0)",theta
Haiku,Creativity,"CL6_(-4, 0)_theta",0.010143957797550056,0.9168687866430986,0.0,CL6,"(-4, 0)",theta
Senryu,Aesthetic_Appeal,"CL6_(-4, 0)_theta",0.046187773760003416,0.6261004392802767,0.0,CL6,"(-4, 0)",theta
Senryu,Vivid_Imagery,"CL6_(-4, 0)_theta",-0.10887434252341394,0.24889750326828275,0.0,CL6,"(-4, 0)",theta
Senryu,Moved,"CL6_(-4, 0)_theta",-0.058955579918025997,0.27966845470650326,0.0,CL6,"(-4, 0)",theta
Senryu,Originality,"CL6_(-4, 0)_theta",-0.1478572946757124,0.11513100370504957,0.0,CL6,"(-4, 0)",theta
Senryu,Creativity,"CL6_(-4, 0)_theta",-0.053035689775303964,0.5683470566012838,0.0,CL6,"(-4, 0)",theta
Control,Aesthetic_Appeal,"CL6_(-4, 0)_theta",-0.00538646055832851,0.9192365064224761,0.0,CL6,"(-4, 0)",theta
Control,Vivid_Imagery,"CL6_(-4, 0)_theta",-0.024794621688658786,0.6374087233858645,0.0,CL6,"(-4, 0)",theta
Control,Moved,"CL6_(-4, 0)_theta",-0.0030116641414219547,0.9555324815903282,0.0,CL6,"(-4, 0)",theta
Control,Originality,"CL6_(-4, 0)_theta",-0.042535700301450804,0.4317138185320899,0.0,CL6,"(-4, 0)",theta
Control,Creativity,"CL6_(-4, 0)_theta",0.03423952406895551,0.5297560483393615,0.0,CL6,"(-4, 0)",theta
Haiku,Aesthetic_Appeal,"CL6_(0, 5)_alpha",0.1043559706527876,0.39368028569857727,0.0,CL6,"(0, 5)",alpha
Haiku,Vivid_Imagery,"CL6_(0, 5)_alpha",0.017684288279539863,0.8041551670290041,0.0,CL6,"(0, 5)",alpha
Haiku,Moved,"CL6_(0, 5)_alpha",0.04426653520265255,0.714746966506235,0.0,CL6,"(0, 5)",alpha
Haiku,Originality,"CL6_(0, 5)_alpha",0.39135682612954126,0.001424711237275211,0.39135682612954126,CL6,"(0, 5)",alpha
Haiku,Creativity,"CL6_(0, 5)_alpha",0.402913844507814,0.0008898721430202845,0.402913844507814,CL6,"(0, 5)",alpha
Senryu,Aesthetic_Appeal,"CL6_(0, 5)_alpha",-0.011721566386487664,0.9253156511636524,0.0,CL6,"(0, 5)",alpha
Senryu,Vivid_Imagery,"CL6_(0, 5)_alpha",0.16465112036291907,0.1905292296167328,0.0,CL6,"(0, 5)",alpha
Senryu,Moved,"CL6_(0, 5)_alpha",0.041705376656227124,0.5680144083159332,0.0,CL6,"(0, 5)",alpha
Senryu,Originality,"CL6_(0, 5)_alpha",0.2581921088066416,0.0401574066944495,0.2581921088066416,CL6,"(0, 5)",alpha
Senryu,Creativity,"CL6_(0, 5)_alpha",0.16790840525576783,0.1782798765445599,0.0,CL6,"(0, 5)",alpha
Control,Aesthetic_Appeal,"CL6_(0, 5)_alpha",-0.04018415952444641,0.5824177724432726,0.0,CL6,"(0, 5)",alpha
Control,Vivid_Imagery,"CL6_(0, 5)_alpha",0.022292975605900548,0.7563815868301793,0.0,CL6,"(0, 5)",alpha
Control,Moved,"CL6_(0, 5)_alpha",0.034801688984125966,0.6419544493942946,0.0,CL6,"(0, 5)",alpha
Control,Originality,"CL6_(0, 5)_alpha",0.025000645245701326,0.7349780401032767,0.0,CL6,"(0, 5)",alpha
Control,Creativity,"CL6_(0, 5)_alpha",0.03187051887136447,0.6680963925464342,0.0,CL6,"(0, 5)",alpha
Haiku,Aesthetic_Appeal,"CL6_(0, 5)_beta",-0.38131592554310534,0.004988705830787107,-0.38131592554310534,CL6,"(0, 5)",beta
Haiku,Vivid_Imagery,"CL6_(0, 5)_beta",-0.14658463602774163,0.0638286827991585,0.0,CL6,"(0, 5)",beta
Haiku,Moved,"CL6_(0, 5)_beta",-0.4359293573740883,0.0011059018226255348,-0.4359293573740883,CL6,"(0, 5)",beta
Haiku,Originality,"CL6_(0, 5)_beta",-0.32101410639029704,0.019027290331860926,-0.32101410639029704,CL6,"(0, 5)",beta
Haiku,Creativity,"CL6_(0, 5)_beta",-0.4049352955579485,0.0027672338124820443,-0.4049352955579485,CL6,"(0, 5)",beta
Senryu,Aesthetic_Appeal,"CL6_(0, 5)_beta",-0.10192850219712442,0.4580387508070475,0.0,CL6,"(0, 5)",beta
Senryu,Vivid_Imagery,"CL6_(0, 5)_beta",-0.4313513921984596,0.0019283577888292167,-0.4313513921984596,CL6,"(0, 5)",beta
Senryu,Moved,"CL6_(0, 5)_beta",-0.12675922638941442,0.11233743844783575,0.0,CL6,"(0, 5)",beta
Senryu,Originality,"CL6_(0, 5)_beta",-0.36656693613877767,0.008304124562493893,-0.36656693613877767,CL6,"(0, 5)",beta
Senryu,Creativity,"CL6_(0, 5)_beta",-0.3988153803212838,0.004069792595964632,-0.3988153803212838,CL6,"(0, 5)",beta
Control,Aesthetic_Appeal,"CL6_(0, 5)_beta",-0.055490337366960706,0.5050165022173889,0.0,CL6,"(0, 5)",beta
Control,Vivid_Imagery,"CL6_(0, 5)_beta",-0.10976011084388196,0.1826502265829515,0.0,CL6,"(0, 5)",beta
Control,Moved,"CL6_(0, 5)_beta",-0.01763126144427146,0.8350646818651646,0.0,CL6,"(0, 5)",beta
Control,Originality,"CL6_(0, 5)_beta",-0.07217197768869993,0.3910567797353346,0.0,CL6,"(0, 5)",beta
Control,Creativity,"CL6_(0, 5)_beta",-0.17538403740133518,0.03805850268436964,-0.17538403740133518,CL6,"(0, 5)",beta
Haiku,Aesthetic_Appeal,"CL6_(0, 5)_delta",0.07522288957432588,0.3525312243642891,0.0,CL6,"(0, 5)",delta
Haiku,Vivid_Imagery,"CL6_(0, 5)_delta",-0.004312384794655412,0.9280268505748059,0.0,CL6,"(0, 5)",delta
Haiku,Moved,"CL6_(0, 5)_delta",-0.0516392697103386,0.5112468889593902,0.0,CL6,"(0, 5)",delta
Haiku,Originality,"CL6_(0, 5)_delta",-0.09383535948817356,0.25375698863121476,0.0,CL6,"(0, 5)",delta
Haiku,Creativity,"CL6_(0, 5)_delta",-0.0359869660803814,0.660835604978061,0.0,CL6,"(0, 5)",delta
Senryu,Aesthetic_Appeal,"CL6_(0, 5)_delta",0.012861377576310886,0.8799165301751107,0.0,CL6,"(0, 5)",delta
Senryu,Vivid_Imagery,"CL6_(0, 5)_delta",0.059487951943635424,0.4869155323152783,0.0,CL6,"(0, 5)",delta
Senryu,Moved,"CL6_(0, 5)_delta",-0.009684707840248257,0.8427725980353848,0.0,CL6,"(0, 5)",delta
Senryu,Originality,"CL6_(0, 5)_delta",-0.10227725665923965,0.22296585267494884,0.0,CL6,"(0, 5)",delta
Senryu,Creativity,"CL6_(0, 5)_delta",-0.004207699341054752,0.9596651479371048,0.0,CL6,"(0, 5)",delta
Control,Aesthetic_Appeal,"CL6_(0, 5)_delta",0.0667701547919084,0.18846370473098606,0.0,CL6,"(0, 5)",delta
Control,Vivid_Imagery,"CL6_(0, 5)_delta",0.05720174120583227,0.25665513639562065,0.0,CL6,"(0, 5)",delta
Control,Moved,"CL6_(0, 5)_delta",0.059365441575440284,0.24689122771998617,0.0,CL6,"(0, 5)",delta
Control,Originality,"CL6_(0, 5)_delta",0.11942756781236247,0.020106706962805452,0.11942756781236247,CL6,"(0, 5)",delta
Control,Creativity,"CL6_(0, 5)_delta",0.0851928518693627,0.09877625279862991,0.0,CL6,"(0, 5)",delta
Haiku,Aesthetic_Appeal,"CL6_(0, 5)_lower gamma",0.040912126198946554,0.8013637040884106,0.0,CL6,"(0, 5)",lower gamma
Haiku,Vivid_Imagery,"CL6_(0, 5)_lower gamma",0.048197168516652976,0.610755288585612,0.0,CL6,"(0, 5)",lower gamma
Haiku,Moved,"CL6_(0, 5)_lower gamma",0.08035192185700346,0.6191112939900214,0.0,CL6,"(0, 5)",lower gamma
Haiku,Originality,"CL6_(0, 5)_lower gamma",-0.11755502561860919,0.47232653434730165,0.0,CL6,"(0, 5)",lower gamma
Haiku,Creativity,"CL6_(0, 5)_lower gamma",0.027439486549032593,0.8658156575982572,0.0,CL6,"(0, 5)",lower gamma
Senryu,Aesthetic_Appeal,"CL6_(0, 5)_lower gamma",0.321694020995373,0.04927787466283133,0.321694020995373,CL6,"(0, 5)",lower gamma
Senryu,Vivid_Imagery,"CL6_(0, 5)_lower gamma",0.5944208558351977,0.0002875079755907252,0.5944208558351977,CL6,"(0, 5)",lower gamma
Senryu,Moved,"CL6_(0, 5)_lower gamma",0.19237485197443224,0.04208307539029106,0.19237485197443224,CL6,"(0, 5)",lower gamma
Senryu,Originality,"CL6_(0, 5)_lower gamma",0.42377341232528704,0.009556640319677939,0.42377341232528704,CL6,"(0, 5)",lower gamma
Senryu,Creativity,"CL6_(0, 5)_lower gamma",0.4313492263924126,0.007136388766676391,0.4313492263924126,CL6,"(0, 5)",lower gamma
Control,Aesthetic_Appeal,"CL6_(0, 5)_lower gamma",0.020338299182845847,0.8322776185650823,0.0,CL6,"(0, 5)",lower gamma
Control,Vivid_Imagery,"CL6_(0, 5)_lower gamma",0.10143434100459213,0.2846504810715216,0.0,CL6,"(0, 5)",lower gamma
Control,Moved,"CL6_(0, 5)_lower gamma",-0.062126305060054794,0.5250646563534931,0.0,CL6,"(0, 5)",lower gamma
Control,Originality,"CL6_(0, 5)_lower gamma",-0.0812905875828624,0.40239042703989336,0.0,CL6,"(0, 5)",lower gamma
Control,Creativity,"CL6_(0, 5)_lower gamma",-0.025539740112512494,0.7941127661182723,0.0,CL6,"(0, 5)",lower gamma
Haiku,Aesthetic_Appeal,"CL6_(0, 5)_theta",0.16733030110886116,0.0823421008946618,0.0,CL6,"(0, 5)",theta
Haiku,Vivid_Imagery,"CL6_(0, 5)_theta",0.07626522556939137,0.17591144815324522,0.0,CL6,"(0, 5)",theta
Haiku,Moved,"CL6_(0, 5)_theta",0.014008926188299357,0.8817355798603466,0.0,CL6,"(0, 5)",theta
Haiku,Originality,"CL6_(0, 5)_theta",0.0510947304078853,0.5955587841070709,0.0,CL6,"(0, 5)",theta
Haiku,Creativity,"CL6_(0, 5)_theta",0.15633313647646438,0.10773888566584906,0.0,CL6,"(0, 5)",theta
Senryu,Aesthetic_Appeal,"CL6_(0, 5)_theta",-0.012822110389973657,0.8814465269974104,0.0,CL6,"(0, 5)",theta
Senryu,Vivid_Imagery,"CL6_(0, 5)_theta",0.035533085093893094,0.679584307077246,0.0,CL6,"(0, 5)",theta
Senryu,Moved,"CL6_(0, 5)_theta",-0.10412364515027603,0.03502889231971405,-0.10412364515027603,CL6,"(0, 5)",theta
Senryu,Originality,"CL6_(0, 5)_theta",-0.04768118652590799,0.5758500590507944,0.0,CL6,"(0, 5)",theta
Senryu,Creativity,"CL6_(0, 5)_theta",-0.0007722341114180211,0.9927395146219817,0.0,CL6,"(0, 5)",theta
Control,Aesthetic_Appeal,"CL6_(0, 5)_theta",0.0008397929488746918,0.987795304942029,0.0,CL6,"(0, 5)",theta
Control,Vivid_Imagery,"CL6_(0, 5)_theta",-0.0406168447934275,0.4552594458894398,0.0,CL6,"(0, 5)",theta
Control,Moved,"CL6_(0, 5)_theta",0.003291218936331634,0.9528947611187664,0.0,CL6,"(0, 5)",theta
Control,Originality,"CL6_(0, 5)_theta",0.010593206316057575,0.8487548886112289,0.0,CL6,"(0, 5)",theta
Control,Creativity,"CL6_(0, 5)_theta",0.08666219560831045,0.12077378165326424,0.0,CL6,"(0, 5)",theta
Haiku,Aesthetic_Appeal,"CL6_(5, 10)_alpha",0.16865298666742065,0.16554818427959028,0.0,CL6,"(5, 10)",alpha
Haiku,Vivid_Imagery,"CL6_(5, 10)_alpha",0.16114471873578734,0.021245268811736304,0.16114471873578734,CL6,"(5, 10)",alpha
Haiku,Moved,"CL6_(5, 10)_alpha",0.2824521546578554,0.01896663037490883,0.2824521546578554,CL6,"(5, 10)",alpha
Haiku,Originality,"CL6_(5, 10)_alpha",0.4883578057993726,5.3469732210026185e-05,0.4883578057993726,CL6,"(5, 10)",alpha
Haiku,Creativity,"CL6_(5, 10)_alpha",0.3390081652664277,0.004530098904410758,0.3390081652664277,CL6,"(5, 10)",alpha
Senryu,Aesthetic_Appeal,"CL6_(5, 10)_alpha",-0.005890575257917258,0.9617248622439567,0.0,CL6,"(5, 10)",alpha
Senryu,Vivid_Imagery,"CL6_(5, 10)_alpha",0.15732120936589314,0.1989972627778508,0.0,CL6,"(5, 10)",alpha
Senryu,Moved,"CL6_(5, 10)_alpha",0.0521101508719074,0.45935295221488404,0.0,CL6,"(5, 10)",alpha
Senryu,Originality,"CL6_(5, 10)_alpha",0.30722664429596375,0.012139491930222004,0.30722664429596375,CL6,"(5, 10)",alpha
Senryu,Creativity,"CL6_(5, 10)_alpha",0.17760107681324588,0.14381086009204389,0.0,CL6,"(5, 10)",alpha
Control,Aesthetic_Appeal,"CL6_(5, 10)_alpha",0.09938211802869937,0.16052146718323645,0.0,CL6,"(5, 10)",alpha
Control,Vivid_Imagery,"CL6_(5, 10)_alpha",0.041977743925649035,0.5478210279645688,0.0,CL6,"(5, 10)",alpha
Control,Moved,"CL6_(5, 10)_alpha",0.03574677770893753,0.6213380673338356,0.0,CL6,"(5, 10)",alpha
Control,Originality,"CL6_(5, 10)_alpha",0.20216510274294863,0.004894182515402276,0.20216510274294863,CL6,"(5, 10)",alpha
Control,Creativity,"CL6_(5, 10)_alpha",0.16103002640175643,0.025852918086882566,0.16103002640175643,CL6,"(5, 10)",alpha
Haiku,Aesthetic_Appeal,"CL6_(5, 10)_beta",-0.23236803665670228,0.0604441674344264,0.0,CL6,"(5, 10)",beta
Haiku,Vivid_Imagery,"CL6_(5, 10)_beta",-0.18617574622531977,0.010145111861590445,-0.18617574622531977,CL6,"(5, 10)",beta
Haiku,Moved,"CL6_(5, 10)_beta",-0.081473473114556,0.5120878911233097,0.0,CL6,"(5, 10)",beta
Haiku,Originality,"CL6_(5, 10)_beta",-0.48773266160965684,0.00010499596137845893,-0.48773266160965684,CL6,"(5, 10)",beta
Haiku,Creativity,"CL6_(5, 10)_beta",-0.4127083941056869,0.0008684149664782572,-0.4127083941056869,CL6,"(5, 10)",beta
Senryu,Aesthetic_Appeal,"CL6_(5, 10)_beta",-0.10998478410976623,0.43169699096200165,0.0,CL6,"(5, 10)",beta
Senryu,Vivid_Imagery,"CL6_(5, 10)_beta",-0.13975279362363752,0.3239764852486733,0.0,CL6,"(5, 10)",beta
Senryu,Moved,"CL6_(5, 10)_beta",-0.014673628186090222,0.8556277392917242,0.0,CL6,"(5, 10)",beta
Senryu,Originality,"CL6_(5, 10)_beta",-0.24337291353204862,0.08535311419423414,0.0,CL6,"(5, 10)",beta
Senryu,Creativity,"CL6_(5, 10)_beta",-0.13713487693353388,0.3312942352555366,0.0,CL6,"(5, 10)",beta
Control,Aesthetic_Appeal,"CL6_(5, 10)_beta",0.04897534030625779,0.5450226418804953,0.0,CL6,"(5, 10)",beta
Control,Vivid_Imagery,"CL6_(5, 10)_beta",-0.0177579801087768,0.8245145522388108,0.0,CL6,"(5, 10)",beta
Control,Moved,"CL6_(5, 10)_beta",0.03352779176029492,0.685001191000977,0.0,CL6,"(5, 10)",beta
Control,Originality,"CL6_(5, 10)_beta",-0.05870524324979535,0.47469495826604136,0.0,CL6,"(5, 10)",beta
Control,Creativity,"CL6_(5, 10)_beta",-0.026973499006242452,0.743669491592839,0.0,CL6,"(5, 10)",beta
Haiku,Aesthetic_Appeal,"CL6_(5, 10)_delta",0.12420698716197577,0.15774303849952498,0.0,CL6,"(5, 10)",delta
Haiku,Vivid_Imagery,"CL6_(5, 10)_delta",-0.043941677374395124,0.3928756847953859,0.0,CL6,"(5, 10)",delta
Haiku,Moved,"CL6_(5, 10)_delta",0.051128981196907404,0.5618663818070956,0.0,CL6,"(5, 10)",delta
Haiku,Originality,"CL6_(5, 10)_delta",0.013658018147043215,0.8786508405399731,0.0,CL6,"(5, 10)",delta
Haiku,Creativity,"CL6_(5, 10)_delta",0.1003910728930973,0.25362672827936217,0.0,CL6,"(5, 10)",delta
Senryu,Aesthetic_Appeal,"CL6_(5, 10)_delta",0.03690545233377039,0.6788485758289744,0.0,CL6,"(5, 10)",delta
Senryu,Vivid_Imagery,"CL6_(5, 10)_delta",0.07578877310812822,0.3933454827949776,0.0,CL6,"(5, 10)",delta
Senryu,Moved,"CL6_(5, 10)_delta",-0.0017537907328560808,0.9723863618897073,0.0,CL6,"(5, 10)",delta
Senryu,Originality,"CL6_(5, 10)_delta",-0.08014039749282019,0.3592114331698014,0.0,CL6,"(5, 10)",delta
Senryu,Creativity,"CL6_(5, 10)_delta",0.005517311831688718,0.9493527448874669,0.0,CL6,"(5, 10)",delta
Control,Aesthetic_Appeal,"CL6_(5, 10)_delta",-0.04072423895780884,0.47490854425979667,0.0,CL6,"(5, 10)",delta
Control,Vivid_Imagery,"CL6_(5, 10)_delta",0.08080669610659985,0.15260813507617535,0.0,CL6,"(5, 10)",delta
Control,Moved,"CL6_(5, 10)_delta",-0.07366748792992228,0.20293527228885433,0.0,CL6,"(5, 10)",delta
Control,Originality,"CL6_(5, 10)_delta",0.007328995610041218,0.8989842665143902,0.0,CL6,"(5, 10)",delta
Control,Creativity,"CL6_(5, 10)_delta",-0.008738577335080112,0.8803196109659256,0.0,CL6,"(5, 10)",delta
Haiku,Aesthetic_Appeal,"CL6_(5, 10)_lower gamma",0.27348667596617193,0.05206761144187872,0.0,CL6,"(5, 10)",lower gamma
Haiku,Vivid_Imagery,"CL6_(5, 10)_lower gamma",0.22251048597752984,0.006489571393194333,0.22251048597752984,CL6,"(5, 10)",lower gamma
Haiku,Moved,"CL6_(5, 10)_lower gamma",0.3561555721755191,0.010896834638233405,0.3561555721755191,CL6,"(5, 10)",lower gamma
Haiku,Originality,"CL6_(5, 10)_lower gamma",0.43337060606295363,0.00217384364137431,0.43337060606295363,CL6,"(5, 10)",lower gamma
Haiku,Creativity,"CL6_(5, 10)_lower gamma",0.42516135381225567,0.0024388952033986334,0.42516135381225567,CL6,"(5, 10)",lower gamma
Senryu,Aesthetic_Appeal,"CL6_(5, 10)_lower gamma",0.0921382281754367,0.5197023415479423,0.0,CL6,"(5, 10)",lower gamma
Senryu,Vivid_Imagery,"CL6_(5, 10)_lower gamma",0.0013337827240333861,0.9925224578340368,0.0,CL6,"(5, 10)",lower gamma
Senryu,Moved,"CL6_(5, 10)_lower gamma",0.0786068282862885,0.33913955016708175,0.0,CL6,"(5, 10)",lower gamma
Senryu,Originality,"CL6_(5, 10)_lower gamma",0.2111711841867238,0.1389916250724192,0.0,CL6,"(5, 10)",lower gamma
Senryu,Creativity,"CL6_(5, 10)_lower gamma",0.12689718799110483,0.3637977840950517,0.0,CL6,"(5, 10)",lower gamma
Control,Aesthetic_Appeal,"CL6_(5, 10)_lower gamma",0.00023351408304347738,0.9978301954102968,0.0,CL6,"(5, 10)",lower gamma
Control,Vivid_Imagery,"CL6_(5, 10)_lower gamma",0.006398798078851971,0.9398879587927983,0.0,CL6,"(5, 10)",lower gamma
Control,Moved,"CL6_(5, 10)_lower gamma",-0.007917639817689393,0.9279609969662013,0.0,CL6,"(5, 10)",lower gamma
Control,Originality,"CL6_(5, 10)_lower gamma",-0.03729127166728377,0.6683826781847035,0.0,CL6,"(5, 10)",lower gamma
Control,Creativity,"CL6_(5, 10)_lower gamma",-0.05148263373843457,0.5574692365650713,0.0,CL6,"(5, 10)",lower gamma
Haiku,Aesthetic_Appeal,"CL6_(5, 10)_theta",-0.20119803122135485,0.03330472710943549,-0.20119803122135485,CL6,"(5, 10)",theta
Haiku,Vivid_Imagery,"CL6_(5, 10)_theta",-0.060868183793490994,0.2705215672627703,0.0,CL6,"(5, 10)",theta
Haiku,Moved,"CL6_(5, 10)_theta",-0.31769596722887616,0.0007278085595360521,-0.31769596722887616,CL6,"(5, 10)",theta
Haiku,Originality,"CL6_(5, 10)_theta",-0.23037010613731962,0.015445660355001858,-0.23037010613731962,CL6,"(5, 10)",theta
Haiku,Creativity,"CL6_(5, 10)_theta",-0.14622293565597208,0.12095226501140027,0.0,CL6,"(5, 10)",theta
Senryu,Aesthetic_Appeal,"CL6_(5, 10)_theta",0.12557412920666217,0.14236473823379434,0.0,CL6,"(5, 10)",theta
Senryu,Vivid_Imagery,"CL6_(5, 10)_theta",-0.05490405531689039,0.5221299280106819,0.0,CL6,"(5, 10)",theta
Senryu,Moved,"CL6_(5, 10)_theta",0.04214716512826159,0.3894304916535166,0.0,CL6,"(5, 10)",theta
Senryu,Originality,"CL6_(5, 10)_theta",0.03087364810376591,0.7152031138889076,0.0,CL6,"(5, 10)",theta
Senryu,Creativity,"CL6_(5, 10)_theta",0.13802632158561734,0.10011512235786274,0.0,CL6,"(5, 10)",theta
Control,Aesthetic_Appeal,"CL6_(5, 10)_theta",-0.13599512754628157,0.011463780524968797,-0.13599512754628157,CL6,"(5, 10)",theta
Control,Vivid_Imagery,"CL6_(5, 10)_theta",-0.10778262079361724,0.04198268592797773,-0.10778262079361724,CL6,"(5, 10)",theta
Control,Moved,"CL6_(5, 10)_theta",-0.10310809931914114,0.05959389961546779,0.0,CL6,"(5, 10)",theta
Control,Originality,"CL6_(5, 10)_theta",-0.10881554285742383,0.0458516035261482,-0.10881554285742383,CL6,"(5, 10)",theta
Control,Creativity,"CL6_(5, 10)_theta",-0.07185977112840564,0.19021022490195083,0.0,CL6,"(5, 10)",theta
